"","Year","Month","Licence.Holder","Site.Common.Name","Latitude","Longitude","Finfish.Aquaculture.Reporting.Zone","Number.of.Pens.Sampled","Average.L..salmonis.motiles.per.fish","Average.L..salmonis.females.per.fish","Average.chalimus.per.fish","Average.caligus.per.fish","Incident.Date","j.date","weeklyintvl"
"1",2019,"January","Cermaq Canada","Bare Bluff",-125.79902,49.32702,"Clayoquot Sound",3,8.98,4.8,"0.03","0.02",2019-01-19,17915,17918
"2",2019,"January","Cermaq Canada","Bedwell",-125.81247,49.26548,"Clayoquot Sound",3,10.08,4.05,"0.75","0.07",2019-01-20,17916,17918
"3",2019,"January","Cermaq Canada","Dixon Bay",-126.150552,49.405004,"Clayoquot Sound",3,0,0,"0","0.02",2019-01-02,17898,17904
"4",2019,"January","Cermaq Canada","Millar Channel",-126.09003,49.37622,"Clayoquot Sound",3,0.02,0,"0","0.08",2019-01-04,17900,17904
"5",2019,"January","Cermaq Canada","Plover Point",-125.76693,49.21433,"Clayoquot Sound",3,3.88,2.55,"0.02","0",2019-01-06,17902,17904
"6",2019,"January","Cermaq Canada","Ross Pass",-126.04849,49.32437,"Clayoquot Sound",3,0,0,"0","0",2019-01-19,17915,17918
"7",2019,"February","Cermaq Canada","Bare Bluff",-125.79902,49.32702,"Clayoquot Sound",3,5.08,0.69,"1.11","0",2019-02-18,17945,17946
"8",2019,"February","Cermaq Canada","Bedwell",-125.81247,49.26548,"Clayoquot Sound",3,1.69,0.89,"0.56","0.03",2019-02-19,17946,17946
"9",2019,"February","Cermaq Canada","Dixon Bay",-126.150552,49.405004,"Clayoquot Sound",3,0,0,"0","0",2019-02-17,17944,17946
"10",2019,"February","Cermaq Canada","Millar Channel",-126.09003,49.37622,"Clayoquot Sound",3,0,0,"0","0.13",2019-02-19,17946,17946
"11",2019,"February","Cermaq Canada","Plover Point",-125.76693,49.21433,"Clayoquot Sound",3,3.76,2.15,"0.04","0",2019-02-01,17928,17932
"12",2019,"February","Cermaq Canada","Plover Point",-125.76693,49.21433,"Clayoquot Sound",3,2.92,1.99,"0.01","0",2019-02-23,17950,17953
"13",2019,"February","Cermaq Canada","Ross Pass",-126.04849,49.32437,"Clayoquot Sound",3,0,0,"0","0",2019-02-02,17929,17932
"14",2019,"March","Cermaq Canada","Bare Bluff",-125.79902,49.32702,"Clayoquot Sound",3,9.6,1.41,"1.99","0.04",2019-03-02,17957,17960
"15",2019,"March","Cermaq Canada","Bedwell",-125.81247,49.26548,"Clayoquot Sound",3,1.73,0.67,"0.76","0",2019-03-02,17957,17960
"16",2019,"March","Cermaq Canada","Bedwell",-125.81247,49.26548,"Clayoquot Sound",3,6.83,0.92,"2.67","0",2019-03-19,17974,17974
"17",2019,"March","Cermaq Canada","Dixon Bay",-126.150552,49.405004,"Clayoquot Sound",2,0,0,"0","0.03",2019-03-05,17960,17960
"18",2019,"March","Cermaq Canada","Dixon Bay",-126.150552,49.405,"Clayoquot Sound",3,0.02,0,"0.06","0.07",2019-03-14,17969,17974
"19",2019,"March","Cermaq Canada","Dixon Bay",-126.150552,49.405004,"Clayoquot Sound",3,0.15,0,"0.41","0.19",2019-03-27,17982,17988
"20",2019,"March","Cermaq Canada","Millar Channel",-126.09003,49.37622,"Clayoquot Sound",3,0,0,"0","0.04",2019-03-02,17957,17960
"21",2019,"March","Cermaq Canada","Millar Channel",-126.09003,49.37622,"Clayoquot Sound",3,0,0,"1.81","0.19",2019-03-16,17971,17974
"22",2019,"March","Cermaq Canada","Millar Channel",-126.09003,49.37622,"Clayoquot Sound",3,0.05,0,"13.95","0.52",2019-03-30,17985,17988
"23",2019,"March","Cermaq Canada","Mussel Rock",-125.86762,49.25925,"Clayoquot Sound",3,0,0,"0","0.01",2019-03-15,17970,17974
"24",2019,"March","Cermaq Canada","Plover Point",-125.76693,49.21433,"Clayoquot Sound",3,6.61,2.62,"0.02","0.06",2019-03-01,17956,17960
"25",2019,"March","Cermaq Canada","Plover Point",-125.76693,49.21433,"Clayoquot Sound",3,5.51,2.91,"0.16","0",2019-03-12,17967,17967
"26",2019,"March","Cermaq Canada","Plover Point",-125.76693,49.21433,"Clayoquot Sound",3,2.54,1.09,"0","0.09",2019-03-19,17974,17974
"27",2019,"March","Cermaq Canada","Ross Pass",-126.04849,49.32437,"Clayoquot Sound",3,0,0,"0","0",2019-03-16,17971,17974
"28",2019,"March","Cermaq Canada","Ross Pass",-126.04849,49.32437,"Clayoquot Sound",3,0.04,0,"0","0.01",2019-03-30,17985,17988
"29",2019,"April","Cermaq Canada","Bawden",-126.007418,49.309053,"Clayoquot Sound",3,0.01,0.01,"0.02","0.01",2019-04-27,18013,18016
"30",2019,"April","Cermaq Canada","Bedwell",-125.81247,49.26548,"Clayoquot Sound",3,15.37,4.84,"1.53","0.07",2019-04-01,17987,17988
"31",2019,"April","Cermaq Canada","Bedwell",-125.81247,49.26548,"Clayoquot Sound",3,16.41,8.95,"2.16","0",2019-04-17,18003,18009
"32",2019,"April","Cermaq Canada","Dixon Bay",-126.150552,49.405004,"Clayoquot Sound",3,0.37,0.04,"3.59","0.93",2019-04-10,17996,18002
"33",2019,"April","Cermaq Canada","Dixon Bay",-126.150552,49.405004,"Clayoquot Sound",3,0.1,0.04,"0.43","1.69",2019-04-25,18011,18016
"34",2019,"April","Cermaq Canada","Millar Channel",-126.09003,49.37622,"Clayoquot Sound",3,0.08,0,"4.91","4.65",2019-04-10,17996,18002
"35",2019,"April","Cermaq Canada","Millar Channel",-126.09003,49.37622,"Clayoquot Sound",3,0.18,0.02,"1.22","2.36",2019-04-24,18010,18016
"36",2019,"April","Cermaq Canada","Mussel Rock",-125.86762,49.25925,"Clayoquot Sound",2,0,0,"0","0.15",2019-04-25,18011,18016
"37",2019,"April","Cermaq Canada","Plover Point",-125.76693,49.21433,"Clayoquot Sound",3,1.71,0.76,"0","0.04",2019-04-01,17987,17988
"38",2019,"April","Cermaq Canada","Plover Point",-125.76693,49.21433,"Clayoquot Sound",3,4.64,1.51,"0.09","0.16",2019-04-15,18001,18002
"39",2019,"April","Cermaq Canada","Plover Point",-125.76693,49.21433,"Clayoquot Sound",3,4.98,1.96,"0.64","0",2019-04-29,18015,18016
"40",2019,"April","Cermaq Canada","Ross Pass",-126.04849,49.32437,"Clayoquot Sound",2,0.07,0,"0.12","0.04",2019-04-10,17996,18002
"41",2019,"April","Cermaq Canada","Ross Pass",-126.04849,49.32437,"Clayoquot Sound",3,0.03,0.03,"0","0.03",2019-04-26,18012,18016
"42",2019,"May","Cermaq Canada","Binns Island",-125.95328,49.34182,"Clayoquot Sound",2,0.07,0.02,"0","0",2019-05-07,18023,18023
"43",2019,"May","Cermaq Canada","Dixon Bay",-126.150552,49.405004,"Clayoquot Sound",3,0.13,0.02,"0.23","0.83",2019-05-08,18024,18030
"44",2019,"May","Cermaq Canada","Mussel Rock",-125.86762,49.25925,"Clayoquot Sound",2,0.07,0.07,"0.02","0.25",2019-05-18,18034,18037
"45",2019,"May","Cermaq Canada","Plover Point",-125.76693,49.21433,"Clayoquot Sound",3,9.52,4.72,"0.1","0.04",2019-05-15,18031,18037
"46",2019,"May","Cermaq Canada","Plover Point",-125.76693,49.21433,"Clayoquot Sound",3,4.2,3.1,"0.32","0",2019-05-30,18046,18051
"47",2019,"May","Cermaq Canada","Ross Pass",-126.04849,49.32437,"Clayoquot Sound",3,0.05,0,"0.08","0",2019-05-11,18027,18030
"48",2019,"May","Cermaq Canada","Saranac Island",-125.90671,49.24803,"Clayoquot Sound",2,0,0,"0","0.02",2019-05-01,18017,18023
"49",2019,"May","Cermaq Canada","Saranac Island",-125.90671,49.24803,"Clayoquot Sound",2,0.19,0,"0.09","0",2019-05-29,18045,18051
"50",2019,"June","Cermaq Canada","Bawden",-126.007418,49.309053,"Clayoquot Sound",3,0.07,0.02,"0.1","0.08",2019-06-04,18051,18051
"51",2019,"June","Cermaq Canada","Bawden",-126.007418,49.309053,"Clayoquot Sound",3,0.06,0.04,"0.04","0.01",2019-06-08,18055,18058
"52",2019,"June","Cermaq Canada","Bawden",-126.007418,49.309053,"Clayoquot Sound",3,0.04,0.03,"0.12","0.02",2019-06-22,18069,18072
"53",2019,"June","Cermaq Canada","Binns Island",-125.95328,49.34182,"Clayoquot Sound",2,0,0,"0.02","0",2019-06-01,18048,18051
"54",2019,"June","Cermaq Canada","Binns Island",-125.95328,49.34182,"Clayoquot Sound",3,0.01,0.01,"0","0.05",2019-06-26,18073,18079
"55",2019,"June","Cermaq Canada","Dixon Bay",-126.150552,49.405004,"Clayoquot Sound",3,0.03,0.02,"0.07","0.04",2019-06-04,18051,18051
"56",2019,"June","Cermaq Canada","Dixon Bay",-126.150552,49.405004,"Clayoquot Sound",3,0.04,0.02,"0.11","0.01",2019-06-08,18055,18058
"57",2019,"June","Cermaq Canada","Dixon Bay",-126.150552,49.405004,"Clayoquot Sound",3,0.03,0.03,"0.92","0.51",2019-06-19,18066,18072
"58",2019,"June","Cermaq Canada","Millar Channel",-126.09003,49.37622,"Clayoquot Sound",3,0.3,0.08,"0","0.28",2019-06-03,18050,18051
"59",2019,"June","Cermaq Canada","Millar Channel",-126.09003,49.37622,"Clayoquot Sound",3,0.11,0.03,"0.01","0.09",2019-06-06,18053,18058
"60",2019,"June","Cermaq Canada","Millar Channel",-126.09003,49.37622,"Clayoquot Sound",3,0.1,0,"1.85","0.21",2019-06-22,18069,18072
"61",2019,"June","Cermaq Canada","Mussel Rock",-125.86762,49.25925,"Clayoquot Sound",4,0.12,0.04,"0.11","0.15",2019-06-01,18048,18051
"62",2019,"June","Cermaq Canada","Mussel Rock",-125.86762,49.25925,"Clayoquot Sound",3,0.01,0,"0","0.06",2019-06-15,18062,18065
"63",2019,"June","Cermaq Canada","Mussel Rock",-125.86762,49.25925,"Clayoquot Sound",3,0.1,0.02,"0.02","0.18",2019-06-29,18076,18079
"64",2019,"June","Cermaq Canada","Ross Pass",-126.04849,49.32437,"Clayoquot Sound",3,0.03,0.01,"0","0.01",2019-06-08,18055,18058
"65",2019,"June","Cermaq Canada","Ross Pass",-126.04849,49.32437,"Clayoquot Sound",3,0.01,0,"0.01","0.05",2019-06-21,18068,18072
"66",2019,"June","Cermaq Canada","Saranac Island",-125.90671,49.24803,"Clayoquot Sound",3,0.18,0.05,"0.4","0.3",2019-06-05,18052,18058
"67",2019,"June","Cermaq Canada","Saranac Island",-125.90671,49.24803,"Clayoquot Sound",3,0.05,0.03,"0.07","0.01",2019-06-18,18065,18065
"68",2019,"June","Cermaq Canada","Saranac Island",-125.90671,49.24803,"Clayoquot Sound",12,0.2,0.07,"0.04","0.03",2019-06-21,18068,18072
"69",2019,"July","Cermaq Canada","Bawden",-126.007418,49.309053,"Clayoquot Sound",3,0.06,0.02,"2.54","0",2019-07-02,18079,18079
"70",2019,"July","Cermaq Canada","Bawden",-126.00742,49.30905,"Clayoquot Sound",3,0.22,0.08,"18.85","0.02",2019-07-17,18094,18100
"71",2019,"July","Cermaq Canada","Binns Island",-125.95328,49.34182,"Clayoquot Sound",3,0.09,0.05,"0.06","0",2019-07-03,18080,18086
"72",2019,"July","Cermaq Canada","Dixon Bay",-126.150552,49.405004,"Clayoquot Sound",3,0.32,0.03,"10.89","3.8",2019-07-01,18078,18079
"73",2019,"July","Cermaq Canada","Dixon Bay",-126.15055,49.405,"Clayoquot Sound",3,0.1,0.09,"0.01","9.71",2019-07-17,18094,18100
"74",2019,"July","Cermaq Canada","Dixon Bay",-126.150552,49.405004,"Clayoquot Sound",2,0.09,0.09,"0.7","0.26",2019-07-27,18104,18107
"75",2019,"July","Cermaq Canada","Millar Channel",-126.09003,49.37622,"Clayoquot Sound",3,0.4,0.05,"4.91","0.96",2019-07-03,18080,18086
"76",2019,"July","Cermaq Canada","Millar Channel",-126.09003,49.37622,"Clayoquot Sound",2,0.24,0.12,"6.79","0.67",2019-07-16,18093,18093
"77",2019,"July","Cermaq Canada","Mussel Rock",-125.86762,49.25925,"Clayoquot Sound",3,0.06,0.01,"0.01","0.1",2019-07-16,18093,18093
"78",2019,"July","Cermaq Canada","Ross Pass",-126.04849,49.32437,"Clayoquot Sound",3,0.22,0.01,"1.52","0.03",2019-07-02,18079,18079
"79",2019,"July","Cermaq Canada","Ross Pass",-126.04849,49.32437,"Clayoquot Sound",3,0.12,0.01,"1.29","0.19",2019-07-16,18093,18093
"80",2019,"July","Cermaq Canada","Saranac Island",-125.90671,49.24803,"Clayoquot Sound",3,0.03,0.03,"0.03","0",2019-07-01,18078,18079
"81",2019,"July","Cermaq Canada","Saranac Island",-125.90671,49.24803,"Clayoquot Sound",3,0.02,0,"0.01","0.02",2019-07-16,18093,18093
"82",2019,"August","Cermaq Canada","Bawden",-126.007418,49.309053,"Clayoquot Sound",3,0.3,0.14,"4.78","0.14",2019-08-02,18110,18114
"83",2019,"August","Cermaq Canada","Bawden",-126.007418,49.309053,"Clayoquot Sound",3,0.49,0.24,"5.22","0.3",2019-08-16,18124,18128
"84",2019,"August","Cermaq Canada","Bawden",-126.007418,49.309053,"Clayoquot Sound",3,1.42,0.58,"2.9","0.28",2019-08-31,18139,18142
"85",2019,"August","Cermaq Canada","Binns Island",-125.95328,49.34182,"Clayoquot Sound",3,0.24,0.07,"0.28","0",2019-08-03,18111,18114
"86",2019,"August","Cermaq Canada","Binns Island",-125.95328,49.34182,"Clayoquot Sound",3,0.21,0.14,"1","0",2019-08-15,18123,18128
"87",2019,"August","Cermaq Canada","Binns Island",-125.95328,49.34182,"Clayoquot Sound",3,0.61,0.41,"0.04","0.04",2019-08-31,18139,18142
"88",2019,"August","Cermaq Canada","Dixon Bay",-126.15055,49.405,"Clayoquot Sound",5,0.23,0.01,"1.53","0.68",2019-08-01,18109,18114
"89",2019,"August","Cermaq Canada","Dixon Bay",-126.150552,49.405004,"Clayoquot Sound",3,0.39,0.11,"0.27","0",2019-08-16,18124,18128
"90",2019,"August","Cermaq Canada","Dixon Bay",-126.15055,49.405,"Clayoquot Sound",3,3.28,0.71,"3.19","0.31",2019-08-31,18139,18142
"91",2019,"August","Cermaq Canada","Millar Channel",-126.09003,49.37622,"Clayoquot Sound",3,0.38,0.17,"4.08","1.33",2019-08-02,18110,18114
"92",2019,"August","Cermaq Canada","Millar Channel",-126.09003,49.37622,"Clayoquot Sound",3,1.53,0.42,"0.92","1.82",2019-08-16,18124,18128
"93",2019,"August","Cermaq Canada","Millar Channel",-126.09003,49.37622,"Clayoquot Sound",3,0.5,0.24,"0.58","0",2019-08-30,18138,18142
"94",2019,"August","Cermaq Canada","Mussel Rock",-125.86762,49.25925,"Clayoquot Sound",3,0.08,0.02,"0.07","0.13",2019-08-16,18124,18128
"95",2019,"August","Cermaq Canada","Mussel Rock",-125.86762,49.25925,"Clayoquot Sound",3,0.06,0,"0","0.07",2019-08-31,18139,18142
"96",2019,"August","Cermaq Canada","Ross Pass",-126.04849,49.32437,"Clayoquot Sound",3,0.08,0.02,"0.05","0.29",2019-08-02,18110,18114
"97",2019,"August","Cermaq Canada","Ross Pass",-126.04849,49.32437,"Clayoquot Sound",3,0.13,0.02,"0.27","0.52",2019-08-17,18125,18128
"98",2019,"August","Cermaq Canada","Ross Pass",-126.04849,49.32437,"Clayoquot Sound",3,0.73,0.27,"0.48","0.4",2019-08-31,18139,18142
"99",2019,"August","Cermaq Canada","Saranac Island",-125.90671,49.24803,"Clayoquot Sound",3,0.04,0.01,"0.37","0.39",2019-08-17,18125,18128
"100",2019,"August","Cermaq Canada","Saranac Island",-125.90671,49.24803,"Clayoquot Sound",3,0.2,0.04,"0.13","0.21",2019-08-31,18139,18142
"101",2019,"September","Cermaq Canada","Bawden",-126.007418,49.309053,"Clayoquot Sound",3,2.85,1.25,"2.19","0.05",2019-09-12,18151,18156
"102",2019,"September","Cermaq Canada","Bawden",-126.007418,49.309053,"Clayoquot Sound",3,0.81,0.32,"0.29","0.04",2019-09-26,18165,18170
"103",2019,"September","Cermaq Canada","Binns Island",-125.95328,49.34182,"Clayoquot Sound",3,1.19,0.73,"0.3","0.02",2019-09-12,18151,18156
"104",2019,"September","Cermaq Canada","Binns Island",-125.95328,49.34182,"Clayoquot Sound",3,1.36,1.08,"0.44","0.02",2019-09-26,18165,18170
"105",2019,"September","Cermaq Canada","Dixon Bay",-126.150552,49.405004,"Clayoquot Sound",3,9.58,3.25,"1.27","0.12",2019-09-14,18153,18156
"106",2019,"September","Cermaq Canada","Millar Channel",-126.09003,49.37622,"Clayoquot Sound",3,1.88,0.84,"0.53","0.82",2019-09-13,18152,18156
"107",2019,"September","Cermaq Canada","Millar Channel",-126.09003,49.37622,"Clayoquot Sound",3,5.09,2.97,"0.25","0.83",2019-09-27,18166,18170
"108",2019,"September","Cermaq Canada","Mussel Rock",-125.86762,49.25925,"Clayoquot Sound",3,0.13,0.01,"0.01","0.04",2019-09-13,18152,18156
"109",2019,"September","Cermaq Canada","Mussel Rock",-125.86762,49.25925,"Clayoquot Sound",3,0.1,0.03,"0.04","0",2019-09-27,18166,18170
"110",2019,"September","Cermaq Canada","Ross Pass",-126.04849,49.32437,"Clayoquot Sound",3,0.96,0.41,"0.41","0.37",2019-09-13,18152,18156
"111",2019,"September","Cermaq Canada","Ross Pass",-126.04849,49.32437,"Clayoquot Sound",3,2.36,1.07,"0.76","0.4",2019-09-26,18165,18170
"112",2019,"September","Cermaq Canada","Saranac Island",-125.90671,49.24803,"Clayoquot Sound",2,0.19,0.05,"0.02","0.58",2019-09-08,18147,18149
"113",2019,"September","Cermaq Canada","Saranac Island",-125.90671,49.24803,"Clayoquot Sound",3,0.31,0.22,"0.16","0.09",2019-09-14,18153,18156
"114",2019,"September","Cermaq Canada","Saranac Island",-125.90671,49.24803,"Clayoquot Sound",3,0.36,0.17,"0.11","0.14",2019-09-26,18165,18170
"115",2019,"October","Cermaq Canada","Bawden",-126.007418,49.309053,"Clayoquot Sound",3,1.28,0.66,"0.36","0.03",2019-10-11,18180,18184
"116",2019,"October","Cermaq Canada","Bawden",-126.007418,49.309053,"Clayoquot Sound",3,2.37,1.27,"0.21","0.02",2019-10-24,18193,18198
"117",2019,"October","Cermaq Canada","Binns Island",-125.95328,49.34182,"Clayoquot Sound",3,1.83,1.22,"0.19","0.06",2019-10-10,18179,18184
"118",2019,"October","Cermaq Canada","Binns Island",-125.95328,49.34182,"Clayoquot Sound",3,3.74,2,"0.15","0.1",2019-10-26,18195,18198
"119",2019,"October","Cermaq Canada","Dixon Bay",-126.150552,49.405004,"Clayoquot Sound",3,6.26,4.47,"0.01","0",2019-10-10,18179,18184
"120",2019,"October","Cermaq Canada","Dixon Bay",-126.15055,49.405,"Clayoquot Sound",3,3.62,2.15,"0.93","0",2019-10-28,18197,18198
"121",2019,"October","Cermaq Canada","Millar Channel",-126.09003,49.37622,"Clayoquot Sound",3,9.06,6.29,"0.08","0.36",2019-10-11,18180,18184
"122",2019,"October","Cermaq Canada","Millar Channel",-126.09003,49.37622,"Clayoquot Sound",3,6.48,4.65,"0.3","0.37",2019-10-25,18194,18198
"123",2019,"October","Cermaq Canada","Mussel Rock",-125.86762,49.25925,"Clayoquot Sound",3,0.13,0.06,"0.08","0.02",2019-10-11,18180,18184
"124",2019,"October","Cermaq Canada","Mussel Rock",-125.86762,49.25925,"Clayoquot Sound",3,0.13,0.06,"0.02","0.08",2019-10-27,18196,18198
"125",2019,"October","Cermaq Canada","Ross Pass",-126.04849,49.32437,"Clayoquot Sound",3,6.24,3.01,"1.28","0.27",2019-10-10,18179,18184
"126",2019,"October","Cermaq Canada","Ross Pass",-126.04849,49.32437,"Clayoquot Sound",3,2.2,1.26,"0.25","0.22",2019-10-25,18194,18198
"127",2019,"October","Cermaq Canada","Saranac Island",-125.90671,49.24803,"Clayoquot Sound",3,0.19,0.09,"0.08","0.1",2019-10-12,18181,18184
"128",2019,"October","Cermaq Canada","Saranac Island",-125.90671,49.24803,"Clayoquot Sound",3,0.31,0.28,"0.32","0.17",2019-10-26,18195,18198
"129",2019,"October","Cermaq Canada","West Side",-125.83065,49.27928,"Clayoquot Sound",3,0.05,0.02,"0.13","0.12",2019-10-14,18183,18184
"130",2019,"October","Cermaq Canada","West Side",-125.83065,49.27928,"Clayoquot Sound",3,0.02,0,"0.07","0.02",2019-10-26,18195,18198
"131",2019,"November","Cermaq Canada","Bawden",-126.007418,49.30905,"Clayoquot Sound",3,8.64,4.98,"0.08","0.04",2019-11-24,18224,18226
"132",2019,"November","Cermaq Canada","Binns Island",-125.95328,49.34182,"Clayoquot Sound",3,6.08,3.76,"0","0",2019-11-25,18225,18226
"133",2019,"November","Cermaq Canada","Dixon Bay",-126.150552,49.405004,"Clayoquot Sound",3,4.2,2.92,"0","0",2019-11-07,18207,18212
"134",2019,"November","Cermaq Canada","Dixon Bay",-126.150552,49.405004,"Clayoquot Sound",3,4.96,3.23,"0","0.01",2019-11-21,18221,18226
"135",2019,"November","Cermaq Canada","McIntyre Lake",-125.81583,49.30557,"Clayoquot Sound",3,0.05,0,"0.07","0.03",2019-11-08,18208,18212
"136",2019,"November","Cermaq Canada","McIntyre Lake",-125.81583,49.30557,"Clayoquot Sound",3,0.03,0.01,"0.15","0",2019-11-22,18222,18226
"137",2019,"November","Cermaq Canada","Millar Channel",-126.09003,49.37622,"Clayoquot Sound",3,1.81,1.21,"0.03","0.01",2019-11-09,18209,18212
"138",2019,"November","Cermaq Canada","Millar Channel",-126.09003,49.37622,"Clayoquot Sound",3,2.62,1.79,"0.05","0.05",2019-11-21,18221,18226
"139",2019,"November","Cermaq Canada","Mussel Rock",-125.86762,49.25925,"Clayoquot Sound",3,0.34,0.2,"0.02","0.03",2019-11-10,18210,18212
"140",2019,"November","Cermaq Canada","Mussel Rock",-125.86762,49.25925,"Clayoquot Sound",3,0.37,0.26,"0.04","0.22",2019-11-21,18221,18226
"141",2019,"November","Cermaq Canada","Ross Pass",-126.04849,49.32437,"Clayoquot Sound",3,5.39,3.02,"0.68","0.02",2019-11-22,18222,18226
"142",2019,"November","Cermaq Canada","Saranac Island",-125.90671,49.24803,"Clayoquot Sound",3,0.57,0.53,"0.52","0.01",2019-11-09,18209,18212
"143",2019,"November","Cermaq Canada","Saranac Island",-125.90671,49.24803,"Clayoquot Sound",3,0.6,0.48,"0.26","0.04",2019-11-23,18223,18226
"144",2019,"November","Cermaq Canada","West Side",-125.83065,49.27928,"Clayoquot Sound",3,0.14,0.04,"0","0.08",2019-11-09,18209,18212
"145",2019,"November","Cermaq Canada","West Side",-125.83065,49.27928,"Clayoquot Sound",3,0.19,0.04,"0","0.04",2019-11-23,18223,18226
"146",2019,"December","Cermaq Canada","Bawden",-126.007418,49.309053,"Clayoquot Sound",3,1.62,1.03,"0.22","0.03",2019-12-03,18233,18233
"147",2019,"December","Cermaq Canada","Bawden",-126.007418,49.309053,"Clayoquot Sound",3,2.78,1.03,"0.2","0.19",2019-12-20,18250,18254
"148",2019,"December","Cermaq Canada","Binns Island",-125.95328,49.34182,"Clayoquot Sound",3,4.81,2.42,"0.06","0.01",2019-12-06,18236,18240
"149",2019,"December","Cermaq Canada","Binns Island",-125.95328,49.34182,"Clayoquot Sound",3,1.19,0.85,"0.21","0",2019-12-19,18249,18254
"150",2019,"December","Cermaq Canada","Dixon Bay",-126.15055,49.405,"Clayoquot Sound",3,4.27,3.74,"0.82","0",2019-12-05,18235,18240
"151",2019,"December","Cermaq Canada","Dixon Bay",-126.150552,49.405004,"Clayoquot Sound",3,3.23,2.05,"0","0",2019-12-19,18249,18254
"152",2019,"December","Cermaq Canada","Fortune Channel",-125.75174,49.23503,"Clayoquot Sound",3,0.14,0.11,"0.12","0",2019-12-08,18238,18240
"153",2019,"December","Cermaq Canada","Fortune Channel",-125.75174,49.23503,"Clayoquot Sound",3,0.02,0.02,"0.4","0",2019-12-19,18249,18254
"154",2019,"December","Cermaq Canada","McIntyre Lake",-125.81583,49.30557,"Clayoquot Sound",3,0.02,0,"0.24","0.05",2019-12-06,18236,18240
"155",2019,"December","Cermaq Canada","McIntyre Lake",-125.81583,49.30557,"Clayoquot Sound",3,0.08,0,"0.09","0.04",2019-12-20,18250,18254
"156",2019,"December","Cermaq Canada","Millar Channel",-126.09003,49.37622,"Clayoquot Sound",3,1.98,1.45,"0.04","0.02",2019-12-07,18237,18240
"157",2019,"December","Cermaq Canada","Millar Channel",-126.09003,49.37622,"Clayoquot Sound",3,1.85,1.37,"0.04","0.22",2019-12-20,18250,18254
"158",2019,"December","Cermaq Canada","Mussel Rock",-125.86762,49.25925,"Clayoquot Sound",3,0.86,0.55,"0.2","0.12",2019-12-05,18235,18240
"159",2019,"December","Cermaq Canada","Mussel Rock",-125.86762,49.25925,"Clayoquot Sound",3,0.8,0.52,"0.27","0.14",2019-12-21,18251,18254
"160",2019,"December","Cermaq Canada","Ross Pass",-126.04849,49.32437,"Clayoquot Sound",3,8.89,5.06,"0.14","0.03",2019-12-06,18236,18240
"161",2019,"December","Cermaq Canada","Ross Pass",-126.04849,49.32437,"Clayoquot Sound",3,2.61,1.91,"0.05","0",2019-12-20,18250,18254
"162",2019,"December","Cermaq Canada","Saranac Island",-125.90671,49.24803,"Clayoquot Sound",3,0.57,0.44,"0.17","0.02",2019-12-05,18235,18240
"163",2019,"December","Cermaq Canada","Saranac Island",-125.90671,49.24803,"Clayoquot Sound",3,1.16,0.69,"0.41","0.22",2019-12-19,18249,18254
"164",2019,"December","Cermaq Canada","West Side",-125.83065,49.27928,"Clayoquot Sound",3,0.27,0.12,"0.15","0.12",2019-12-07,18237,18240
"165",2019,"December","Cermaq Canada","West Side",-125.83065,49.27928,"Clayoquot Sound",3,0.18,0.05,"0.25","0.08",2019-12-21,18251,18254
"166",2020,"January","Cermaq Canada","Bawden",49.30798,-126.00721,"Clayoquot Sound",5,3.59,0.98,"0.61","0.1",2020-01-03,18264,18268
"167",2020,"January","Cermaq Canada","Bawden",49.30798,-126.00721,"Clayoquot Sound",3,2.16,0.58,"0.75","0.04",2020-01-17,18278,18282
"168",2020,"January","Cermaq Canada","Bawden",49.30798,-126.00721,"Clayoquot Sound",3,4.19,0.82,"0.99","0.06",2020-01-30,18291,18296
"169",2020,"January","Cermaq Canada","Binns Island",49.34182,-125.95328,"Clayoquot Sound",3,1.79,1.17,"0.33","0",2020-01-03,18264,18268
"170",2020,"January","Cermaq Canada","Binns Island",49.34182,-125.95328,"Clayoquot Sound",3,2.7,1.6,"0.17","0",2020-01-16,18277,18282
"171",2020,"January","Cermaq Canada","Dixon Bay",49.40478,-126.15072,"Clayoquot Sound",3,0.2,0.18,"0","0",2020-01-05,18266,18268
"172",2020,"January","Cermaq Canada","Dixon Bay",49.40478,-126.15072,"Clayoquot Sound",4,0.46,0.39,"0","0",2020-01-17,18278,18282
"173",2020,"January","Cermaq Canada","Fortune Channel",49.23503,-125.75174,"Clayoquot Sound",3,0.13,0,"0.22","0.35",2020-01-02,18263,18268
"174",2020,"January","Cermaq Canada","Fortune Channel",49.23503,-125.75174,"Clayoquot Sound",3,0.4,0.01,"0.13","0.18",2020-01-17,18278,18282
"175",2020,"January","Cermaq Canada","McIntyre Lake",49.30557,-125.81583,"Clayoquot Sound",3,0.1,0.01,"0.22","0",2020-01-02,18263,18268
"176",2020,"January","Cermaq Canada","McIntyre Lake",49.30557,-125.81583,"Clayoquot Sound",3,0.1,0.02,"0.56","0.06",2020-01-16,18277,18282
"177",2020,"January","Cermaq Canada","Millar Channel",49.37622,-126.09003,"Clayoquot Sound",3,2,1.32,"0.08","0",2020-01-02,18263,18268
"178",2020,"January","Cermaq Canada","Millar Channel",49.37622,-126.09003,"Clayoquot Sound",3,2.42,1.37,"0.27","0",2020-01-16,18277,18282
"179",2020,"January","Cermaq Canada","Mussel Rock",49.25925,-125.86762,"Clayoquot Sound",3,0.88,0.32,"0.36","0.29",2020-01-02,18263,18268
"180",2020,"January","Cermaq Canada","Mussel Rock",49.25925,-125.86762,"Clayoquot Sound",3,1.08,0.43,"0.26","0.29",2020-01-16,18277,18282
"181",2020,"January","Cermaq Canada","Ross Pass",49.32437,-126.04849,"Clayoquot Sound",3,1.82,1.06,"0.04","0.02",2020-01-03,18264,18268
"182",2020,"January","Cermaq Canada","Ross Pass",49.32437,-126.04849,"Clayoquot Sound",3,3.9,1.15,"0.3","0.32",2020-01-17,18278,18282
"183",2020,"January","Cermaq Canada","Saranac Island",49.24803,-125.90671,"Clayoquot Sound",3,1.57,0.38,"1.2","0.04",2020-01-02,18263,18268
"184",2020,"January","Cermaq Canada","Saranac Island",49.24803,-125.90671,"Clayoquot Sound",3,1.44,0.49,"0.44","0.15",2020-01-19,18280,18282
"185",2020,"January","Cermaq Canada","West Side",49.27928,-125.83065,"Clayoquot Sound",3,0.09,0.04,"0.09","0.15",2020-01-02,18263,18268
"186",2020,"January","Cermaq Canada","West Side",49.27928,-125.83065,"Clayoquot Sound",3,0.19,0.03,"0.26","0.22",2020-01-16,18277,18282
"187",2020,"February","Cermaq Canada","Bawden",49.30798,-126.00721,"Clayoquot Sound",6,0.78,0.37,"0","0.05",2020-02-09,18301,18303
"188",2020,"February","Cermaq Canada","Bawden",49.30798,-126.00721,"Clayoquot Sound",3,0.88,0.37,"3.84","0.21",2020-02-25,18317,18317
"189",2020,"February","Cermaq Canada","Dixon Bay",49.40478,-126.15072,"Clayoquot Sound",3,0.7,0.48,"0","0",2020-01-31,18292,18296
"190",2020,"February","Cermaq Canada","Dixon Bay",49.40478,-126.15072,"Clayoquot Sound",3,0.8,0.49,"0","0",2020-02-14,18306,18310
"191",2020,"February","Cermaq Canada","Fortune Channel",49.23503,-125.75174,"Clayoquot Sound",3,0.23,0.13,"0.22","0.01",2020-01-31,18292,18296
"192",2020,"February","Cermaq Canada","Fortune Channel",49.23503,-125.75174,"Clayoquot Sound",3,0.64,0.24,"0.12","0",2020-02-14,18306,18310
"193",2020,"February","Cermaq Canada","McIntyre Lake",49.30557,-125.81583,"Clayoquot Sound",3,0.15,0.02,"0.21","0.01",2020-02-01,18293,18296
"194",2020,"February","Cermaq Canada","McIntyre Lake",49.30557,-125.81583,"Clayoquot Sound",3,0.45,0.09,"1.09","0.02",2020-02-14,18306,18310
"195",2020,"February","Cermaq Canada","McIntyre Lake",49.30557,-125.81583,"Clayoquot Sound",3,1.03,0.32,"1.68","1.42",2020-02-26,18318,18324
"196",2020,"February","Cermaq Canada","Millar Channel",49.37622,-126.09003,"Clayoquot Sound",3,3.34,1.68,"0.3","0.06",2020-01-30,18291,18296
"197",2020,"February","Cermaq Canada","Millar Channel",49.37622,-126.09003,"Clayoquot Sound",11,0.59,0.36,"0.06","0.05",2020-02-15,18307,18310
"198",2020,"February","Cermaq Canada","Ross Pass",49.32437,-126.04849,"Clayoquot Sound",10,0.98,0.53,"0.03","0.01",2020-02-01,18293,18296
"199",2020,"February","Cermaq Canada","Ross Pass",49.32437,-126.04849,"Clayoquot Sound",3,1.99,0.76,"0.11","0.31",2020-02-14,18306,18310
"200",2020,"February","Cermaq Canada","Ross Pass",49.32437,-126.04849,"Clayoquot Sound",10,0.46,0.23,"0.04","0.01",2020-02-22,18314,18317
"201",2020,"February","Cermaq Canada","Saranac Island",49.24803,-125.90671,"Clayoquot Sound",3,0.42,0.17,"0.04","0.03",2020-02-14,18306,18310
"202",2020,"February","Cermaq Canada","West Side",49.27928,-125.83065,"Clayoquot Sound",3,0.46,0.11,"0.39","0.48",2020-01-31,18292,18296
"203",2020,"February","Cermaq Canada","West Side",49.27928,-125.83065,"Clayoquot Sound",6,0.91,0.23,"0.68","0.83",2020-02-13,18305,18310
"204",2020,"March","Cermaq Canada","Bawden",49.30798,-126.00721,"Clayoquot Sound",6,0.66,0.19,"0.06","0.02",2020-02-29,18321,18324
"205",2020,"March","Cermaq Canada","Bawden",49.30798,-126.00721,"Clayoquot Sound",4,0.95,0.44,"0.17","0.02",2020-03-10,18331,18331
"206",2020,"March","Cermaq Canada","Bawden",49.30798,-126.00721,"Clayoquot Sound",6,2.82,0.53,"1.13","0.12",2020-03-17,18338,18338
"207",2020,"March","Cermaq Canada","Bawden",49.30798,-126.00721,"Clayoquot Sound",6,0.52,0.28,"0.07","0.02",2020-03-22,18343,18345
"208",2020,"March","Cermaq Canada","Fortune Channel",49.23503,-125.75174,"Clayoquot Sound",3,1.12,0.42,"0.48","0.13",2020-03-01,18322,18324
"209",2020,"March","Cermaq Canada","Fortune Channel",49.23503,-125.75174,"Clayoquot Sound",3,1.6,0.82,"0.43","0.2",2020-03-09,18330,18331
"210",2020,"March","Cermaq Canada","Fortune Channel",49.23503,-125.75174,"Clayoquot Sound",3,1.37,0.63,"0.32","0.07",2020-03-18,18339,18345
"211",2020,"March","Cermaq Canada","Fortune Channel",49.23503,-125.75174,"Clayoquot Sound",8,0.79,0.31,"0.3","0.04",2020-03-24,18345,18345
"212",2020,"March","Cermaq Canada","McIntyre Lake",49.30557,-125.81583,"Clayoquot Sound",3,1.6,0.4,"2.78","0.78",2020-03-01,18322,18324
"213",2020,"March","Cermaq Canada","McIntyre Lake",49.30557,-125.81583,"Clayoquot Sound",3,1.43,0.77,"1.18","0.72",2020-03-08,18329,18331
"214",2020,"March","Cermaq Canada","Millar Channel",49.37622,-126.09003,"Clayoquot Sound",3,2.17,0.95,"0.5","0",2020-03-01,18322,18324
"215",2020,"March","Cermaq Canada","Millar Channel",49.37622,-126.09003,"Clayoquot Sound",6,0.54,0.19,"0.23","0",2020-03-07,18328,18331
"216",2020,"March","Cermaq Canada","Millar Channel",49.37622,-126.09003,"Clayoquot Sound",3,1.98,0.67,"1.83","0.03",2020-03-15,18336,18338
"217",2020,"March","Cermaq Canada","Millar Channel",49.37622,-126.09003,"Clayoquot Sound",4,3.14,0.98,"15.95","0.6",2020-03-22,18343,18345
"218",2020,"March","Cermaq Canada","Mussel Rock",49.25925,-125.86762,"Clayoquot Sound",3,0.18,0.1,"0.03","0.04",2020-03-01,18322,18324
"219",2020,"March","Cermaq Canada","Mussel Rock",49.25925,-125.86762,"Clayoquot Sound",3,0.17,0.07,"0.03","0",2020-03-08,18329,18331
"220",2020,"March","Cermaq Canada","Mussel Rock",49.25925,-125.86762,"Clayoquot Sound",3,0.12,0.07,"0","0",2020-03-15,18336,18338
"221",2020,"March","Cermaq Canada","Mussel Rock",49.25925,-125.86762,"Clayoquot Sound",3,0.15,0.1,"0","0.07",2020-03-22,18343,18345
"222",2020,"March","Cermaq Canada","Mussel Rock",49.25925,-125.86762,"Clayoquot Sound",2,0.23,0.05,"0","0.08",2020-03-29,18350,18352
"223",2020,"March","Cermaq Canada","Ross Pass",49.32437,-126.04849,"Clayoquot Sound",3,0.87,0.55,"0.52","0",2020-03-01,18322,18324
"224",2020,"March","Cermaq Canada","Ross Pass",49.32437,-126.04849,"Clayoquot Sound",3,1.58,0.75,"0.97","0.25",2020-03-09,18330,18331
"225",2020,"March","Cermaq Canada","Ross Pass",49.32437,-126.04849,"Clayoquot Sound",10,0.41,0.2,"0.02","0.01",2020-03-14,18335,18338
"226",2020,"March","Cermaq Canada","Ross Pass",49.32437,-126.04849,"Clayoquot Sound",3,0.98,0.4,"0.75","0.08",2020-03-23,18344,18345
"227",2020,"March","Cermaq Canada","Ross Pass",49.32437,-126.04849,"Clayoquot Sound",3,1.7,0.82,"0.73","0.28",2020-03-29,18350,18352
"228",2020,"March","Cermaq Canada","Saranac Island",49.24803,-125.90671,"Clayoquot Sound",3,0.29,0.16,"0.04","0",2020-03-01,18322,18324
"229",2020,"March","Cermaq Canada","Saranac Island",49.24803,-125.90671,"Clayoquot Sound",3,0.45,0.18,"0.03","0.03",2020-03-08,18329,18331
"230",2020,"March","Cermaq Canada","Saranac Island",49.24803,-125.90671,"Clayoquot Sound",3,0.22,0.18,"0.2","0.1",2020-03-15,18336,18338
"231",2020,"March","Cermaq Canada","Saranac Island",49.24803,-125.90671,"Clayoquot Sound",3,0.97,0.58,"0.15","0.2",2020-03-22,18343,18345
"232",2020,"March","Cermaq Canada","Saranac Island",49.24803,-125.90671,"Clayoquot Sound",12,0.61,0.35,"0.18","0.08",2020-03-27,18348,18352
"233",2020,"March","Cermaq Canada","West Side",49.27928,-125.83065,"Clayoquot Sound",3,1.95,0.57,"0.28","1.33",2020-03-02,18323,18324
"234",2020,"March","Cermaq Canada","West Side",49.27928,-125.83065,"Clayoquot Sound",3,1.42,0.62,"0.6","0.22",2020-03-10,18331,18331
"235",2020,"April","Cermaq Canada","Bawden",49.30798,-126.00721,"Clayoquot Sound",3,1.85,0.45,"1.17","0.17",2020-03-31,18352,18352
"236",2020,"April","Cermaq Canada","Bawden",49.30798,-126.00721,"Clayoquot Sound",6,3.85,1.04,"1.32","0.73",2020-04-08,18360,18366
"237",2020,"April","Cermaq Canada","Bawden",49.30798,-126.00721,"Clayoquot Sound",6,0.57,0.33,"0.17","0",2020-04-14,18366,18366
"238",2020,"April","Cermaq Canada","Bawden",49.30798,-126.00721,"Clayoquot Sound",3,2.93,1.27,"0.58","0.2",2020-04-22,18374,18380
"239",2020,"April","Cermaq Canada","Bawden",49.30798,-126.00721,"Clayoquot Sound",6,2.79,1.66,"0.72","0.69",2020-04-30,18382,18387
"240",2020,"April","Cermaq Canada","Fortune Channel",49.23503,-125.75174,"Clayoquot Sound",8,0.44,0.17,"0.07","0.01",2020-04-22,18374,18380
"241",2020,"April","Cermaq Canada","Fortune Channel",49.23503,-125.75174,"Clayoquot Sound",3,0.82,0.35,"0.02","0.3",2020-04-26,18378,18380
"242",2020,"April","Cermaq Canada","McIntyre Lake",49.30557,-125.81583,"Clayoquot Sound",6,0.98,0.58,"0.59","0.16",2020-04-05,18357,18359
"243",2020,"April","Cermaq Canada","McIntyre Lake",49.30557,-125.81583,"Clayoquot Sound",3,0.95,0.5,"0.02","0.03",2020-04-12,18364,18366
"244",2020,"April","Cermaq Canada","McIntyre Lake",49.30557,-125.81583,"Clayoquot Sound",3,0.9,0.43,"0.5","0.12",2020-04-19,18371,18373
"245",2020,"April","Cermaq Canada","McIntyre Lake",49.30557,-125.81583,"Clayoquot Sound",3,0.58,0.17,"0.17","0.07",2020-04-26,18378,18380
"246",2020,"April","Cermaq Canada","Mussel Rock",49.25925,-125.86762,"Clayoquot Sound",3,0.22,0.07,"0.02","0.02",2020-04-05,18357,18359
"247",2020,"April","Cermaq Canada","Mussel Rock",49.25925,-125.86762,"Clayoquot Sound",3,0.48,0.28,"0.15","0.1",2020-04-12,18364,18366
"248",2020,"April","Cermaq Canada","Mussel Rock",49.25925,-125.86762,"Clayoquot Sound",3,0.25,0.12,"0.2","0.9",2020-04-18,18370,18373
"249",2020,"April","Cermaq Canada","Mussel Rock",49.25925,-125.86762,"Clayoquot Sound",3,0.77,0.37,"1.45","0.23",2020-04-26,18378,18380
"250",2020,"April","Cermaq Canada","Ross Pass",49.32437,-126.04849,"Clayoquot Sound",8,2.88,0.86,"0.78","0.24",2020-04-06,18358,18359
"251",2020,"April","Cermaq Canada","Ross Pass",49.32437,-126.04849,"Clayoquot Sound",8,0.4,0.26,"0.03","0.18",2020-04-08,18360,18366
"252",2020,"April","Cermaq Canada","Ross Pass",49.32437,-126.04849,"Clayoquot Sound",3,1.7,0.85,"0.65","0.1",2020-04-19,18371,18373
"253",2020,"April","Cermaq Canada","Ross Pass",49.32437,-126.04849,"Clayoquot Sound",3,2.83,1.53,"0.47","0.58",2020-04-30,18382,18387
"254",2020,"April","Cermaq Canada","Saranac Island",49.24803,-125.90671,"Clayoquot Sound",12,0.09,0.06,"0.19","0",2020-03-31,18352,18352
"255",2020,"April","Cermaq Canada","Saranac Island",49.24803,-125.90671,"Clayoquot Sound",2,0.13,0.1,"0","0.05",2020-04-08,18360,18366
"256",2020,"April","Cermaq Canada","Saranac Island",49.24803,-125.90671,"Clayoquot Sound",3,0.18,0.15,"0.18","0.12",2020-04-14,18366,18366
"257",2020,"April","Cermaq Canada","Saranac Island",49.24803,-125.90671,"Clayoquot Sound",3,0.33,0.13,"0.28","0.18",2020-04-20,18372,18373
"258",2020,"April","Cermaq Canada","Saranac Island",49.24803,-125.90671,"Clayoquot Sound",3,0.27,0.12,"0.9","0.57",2020-04-26,18378,18380
"259",2020,"April","Cermaq Canada","West Side",49.27928,-125.83065,"Clayoquot Sound",10,1.11,0.6,"0.14","0.21",2020-04-05,18357,18359
"260",2020,"April","Cermaq Canada","West Side",49.27928,-125.83065,"Clayoquot Sound",3,1.3,0.6,"0.07","0.1",2020-04-15,18367,18373
"261",2020,"April","Cermaq Canada","West Side",49.27928,-125.83065,"Clayoquot Sound",3,1.42,0.62,"0.03","0.05",2020-04-22,18374,18380
"262",2020,"April","Cermaq Canada","West Side",49.27928,-125.83065,"Clayoquot Sound",3,1.35,0.57,"0.12","0.08",2020-04-26,18378,18380
"263",2020,"May","Cermaq Canada","Bawden",49.30798,-126.00721,"Clayoquot Sound",6,0.3,0.17,"0.04","0.08",2020-05-02,18384,18387
"264",2020,"May","Cermaq Canada","Bawden",49.30798,-126.00721,"Clayoquot Sound",4,1.01,0.3,"0.56","0.1",2020-05-08,18390,18394
"265",2020,"May","Cermaq Canada","Bawden",49.30798,-126.00721,"Clayoquot Sound",3,1.73,0.62,"0.42","0.05",2020-05-19,18401,18401
"266",2020,"May","Cermaq Canada","Bawden",49.30798,-126.00721,"Clayoquot Sound",3,2.33,0.6,"0.48","0.03",2020-05-26,18408,18408
"267",2020,"May","Cermaq Canada","Fortune Channel",49.23503,-125.75174,"Clayoquot Sound",3,0.68,0.13,"0.03","0.05",2020-05-06,18388,18394
"268",2020,"May","Cermaq Canada","Fortune Channel",49.23503,-125.75174,"Clayoquot Sound",3,0.92,0.28,"0.07","0.12",2020-05-10,18392,18394
"269",2020,"May","Cermaq Canada","Fortune Channel",49.23503,-125.75174,"Clayoquot Sound",3,0.57,0.22,"0","0.08",2020-05-17,18399,18401
"270",2020,"May","Cermaq Canada","Fortune Channel",49.23503,-125.75174,"Clayoquot Sound",3,0.6,0.07,"0.3","0.08",2020-05-25,18407,18408
"271",2020,"May","Cermaq Canada","Fortune Channel",49.23503,-125.75174,"Clayoquot Sound",3,0.5,0.07,"0","0.05",2020-05-31,18413,18415
"272",2020,"May","Cermaq Canada","McIntyre Lake",49.30557,-125.81583,"Clayoquot Sound",3,0.5,0.18,"0.25","0.03",2020-05-04,18386,18387
"273",2020,"May","Cermaq Canada","McIntyre Lake",49.30557,-125.81583,"Clayoquot Sound",3,0.55,0.12,"0.02","0.02",2020-05-10,18392,18394
"274",2020,"May","Cermaq Canada","McIntyre Lake",49.30557,-125.81583,"Clayoquot Sound",3,0.35,0.22,"0.28","0.03",2020-05-17,18399,18401
"275",2020,"May","Cermaq Canada","McIntyre Lake",49.30557,-125.81583,"Clayoquot Sound",3,1,0.22,"0.1","0",2020-05-24,18406,18408
"276",2020,"May","Cermaq Canada","McIntyre Lake",49.30557,-125.81583,"Clayoquot Sound",3,0.52,0.22,"0.15","0.02",2020-05-31,18413,18415
"277",2020,"May","Cermaq Canada","Mussel Rock",49.25925,-125.86762,"Clayoquot Sound",3,1.28,0.48,"0","1.02",2020-05-03,18385,18387
"278",2020,"May","Cermaq Canada","Mussel Rock",49.25925,-125.86762,"Clayoquot Sound",3,1.42,0.7,"0","0.32",2020-05-11,18393,18394
"279",2020,"May","Cermaq Canada","Mussel Rock",49.25925,-125.86762,"Clayoquot Sound",3,2.87,1.4,"0","0.75",2020-05-17,18399,18401
"280",2020,"May","Cermaq Canada","Mussel Rock",49.25925,-125.86762,"Clayoquot Sound",12,3.4,1.85,"0.24","0.44",2020-05-25,18407,18408
"281",2020,"May","Cermaq Canada","Mussel Rock",49.25925,-125.86762,"Clayoquot Sound",12,0.28,0.16,"0.1","0.02",2020-05-26,18408,18408
"282",2020,"May","Cermaq Canada","Saranac Island",49.24803,-125.90671,"Clayoquot Sound",3,1.17,0.32,"0.88","0.58",2020-05-04,18386,18387
"283",2020,"May","Cermaq Canada","Saranac Island",49.24803,-125.90671,"Clayoquot Sound",3,1.68,1.53,"0.1","0.27",2020-05-14,18396,18401
"284",2020,"May","Cermaq Canada","Saranac Island",49.24803,-125.90671,"Clayoquot Sound",12,9.33,4.5,"5.62","4.42",2020-05-18,18400,18401
"285",2020,"May","Cermaq Canada","Saranac Island",49.24803,-125.90671,"Clayoquot Sound",12,0.86,0.75,"4.66","0.7",2020-05-19,18401,18401
"286",2020,"May","Cermaq Canada","Saranac Island",49.24803,-125.90671,"Clayoquot Sound",3,4.5,2.12,"1.32","4.95",2020-05-27,18409,18415
"287",2020,"May","Cermaq Canada","West Side",49.27928,-125.83065,"Clayoquot Sound",3,0.83,0.42,"0","0.15",2020-05-04,18386,18387
"288",2020,"May","Cermaq Canada","West Side",49.27928,-125.83065,"Clayoquot Sound",3,0.72,0.38,"0.03","0.28",2020-05-10,18392,18394
"289",2020,"May","Cermaq Canada","West Side",49.27928,-125.83065,"Clayoquot Sound",3,1.5,0.75,"0.02","0.43",2020-05-18,18400,18401
"290",2020,"May","Cermaq Canada","West Side",49.27928,-125.83065,"Clayoquot Sound",3,1.07,0.37,"0.3","0.1",2020-05-24,18406,18408
"291",2020,"June","Cermaq Canada","Fortune Channel",49.23503,-125.75174,"Clayoquot Sound",3,0.63,0.27,"0","0.2",2020-06-08,18421,18422
"292",2020,"June","Cermaq Canada","Fortune Channel",49.23503,-125.75174,"Clayoquot Sound",3,1.12,0.38,"1.1","0.08",2020-06-14,18427,18429
"293",2020,"June","Cermaq Canada","Fortune Channel",49.23503,-125.75174,"Clayoquot Sound",3,1.2,0.6,"0.42","0",2020-06-25,18438,18443
"294",2020,"June","Cermaq Canada","McIntyre Lake",49.30557,-125.81583,"Clayoquot Sound",3,0.88,0.27,"0.02","0.07",2020-06-07,18420,18422
"295",2020,"June","Cermaq Canada","McIntyre Lake",49.30557,-125.81583,"Clayoquot Sound",3,0.95,0.55,"0.52","0",2020-06-15,18428,18429
"296",2020,"June","Cermaq Canada","McIntyre Lake",49.30557,-125.81583,"Clayoquot Sound",3,0.78,0.32,"0.05","0",2020-06-23,18436,18436
"297",2020,"June","Cermaq Canada","McIntyre Lake",49.30557,-125.81583,"Clayoquot Sound",3,0.75,0.23,"0.03","0.05",2020-06-28,18441,18443
"298",2020,"June","Cermaq Canada","Mussel Rock",49.25925,-125.86762,"Clayoquot Sound",3,1.33,0.72,"0.15","0.42",2020-06-09,18422,18422
"299",2020,"June","Cermaq Canada","Mussel Rock",49.25925,-125.86762,"Clayoquot Sound",3,2.53,1.48,"0.32","0",2020-06-14,18427,18429
"300",2020,"June","Cermaq Canada","Mussel Rock",49.25925,-125.86762,"Clayoquot Sound",3,8.48,2.62,"1.3","1.63",2020-06-24,18437,18443
"301",2020,"June","Cermaq Canada","Mussel Rock",49.25925,-125.86762,"Clayoquot Sound",7,7.61,4.6,"1.55","0.47",2020-06-29,18442,18443
"302",2020,"June","Cermaq Canada","Mussel Rock",49.25925,-125.86762,"Clayoquot Sound",7,1.11,0.79,"0.06","0.13",2020-06-30,18443,18443
"303",2020,"June","Cermaq Canada","Saranac Island",49.24803,-125.90671,"Clayoquot Sound",12,5.17,1.97,"4.7","0.99",2020-06-01,18414,18415
"304",2020,"June","Cermaq Canada","Saranac Island",49.24803,-125.90671,"Clayoquot Sound",12,0.35,0.25,"2.75","0.52",2020-06-02,18415,18415
"305",2020,"June","Cermaq Canada","Saranac Island",49.24803,-125.90671,"Clayoquot Sound",12,4.98,1.6,"0.51","2.92",2020-06-11,18424,18429
"306",2020,"June","Cermaq Canada","West Side",49.27928,-125.83065,"Clayoquot Sound",3,1.93,0.53,"0.53","0.2",2020-06-01,18414,18415
"307",2020,"June","Cermaq Canada","West Side",49.27928,-125.83065,"Clayoquot Sound",3,2.3,0.82,"0.52","0.2",2020-06-07,18420,18422
"308",2020,"June","Cermaq Canada","West Side",49.27928,-125.83065,"Clayoquot Sound",10,1.89,0.8,"0.16","0.18",2020-06-16,18429,18429
"309",2020,"July","Cermaq Canada","Fortune Channel",49.23503,-125.75174,"Clayoquot Sound",3,1.65,0.7,"0.82","0.02",2020-07-01,18444,18450
"310",2020,"July","Cermaq Canada","Fortune Channel",49.23503,-125.75174,"Clayoquot Sound",3,2.07,0.7,"11.2","0.95",2020-07-09,18452,18457
"311",2020,"July","Cermaq Canada","Fortune Channel",49.23503,-125.75174,"Clayoquot Sound",4,0.73,0.38,"3.91","0.05",2020-07-14,18457,18457
"312",2020,"July","Cermaq Canada","Fortune Channel",49.23503,-125.75174,"Clayoquot Sound",3,1.17,0.47,"2.67","0",2020-07-19,18462,18464
"313",2020,"July","Cermaq Canada","Fortune Channel",49.23503,-125.75174,"Clayoquot Sound",3,1.88,0.98,"6.85","0.02",2020-07-28,18471,18471
"314",2020,"July","Cermaq Canada","McIntyre Lake",49.30557,-125.81583,"Clayoquot Sound",9,0.77,0.35,"0.17","0.02",2020-07-04,18447,18450
"315",2020,"July","Cermaq Canada","Mussel Rock",49.25925,-125.86762,"Clayoquot Sound",7,2.87,1.94,"0.24","0.32",2020-07-05,18448,18450
"316",2020,"July","Cermaq Canada","Mussel Rock",49.25925,-125.86762,"Clayoquot Sound",3,4.05,2.92,"1.1","0",2020-07-13,18456,18457
"317",2020,"July","Cermaq Canada","Mussel Rock",49.25925,-125.86762,"Clayoquot Sound",3,2.47,1.85,"0.38","1.32",2020-07-19,18462,18464
"318",2020,"July","Cermaq Canada","Saranac Island",49.24803,-125.90671,"Clayoquot Sound",3,1.93,1.55,"0","0.03",2020-07-13,18456,18457
"319",2020,"July","Cermaq Canada","Saranac Island",49.24803,-125.90671,"Clayoquot Sound",12,3.78,2.62,"0.05","0.04",2020-07-19,18462,18464
"320",2020,"July","Cermaq Canada","Saranac Island",49.24803,-125.90671,"Clayoquot Sound",12,5,2.78,"0","0.08",2020-07-22,18465,18471
"321",2020,"July","Cermaq Canada","Saranac Island",49.24803,-125.90671,"Clayoquot Sound",12,0.12,0.48,"0.06","0",2020-07-25,18468,18471
"322",2020,"July","Cermaq Canada","West Side",49.27928,-125.83065,"Clayoquot Sound",10,1.39,0.97,"0","0.03",2020-07-14,18457,18457
"323",2020,"July","Cermaq Canada","West Side",49.27928,-125.83065,"Clayoquot Sound",3,1.32,0.72,"0","0.15",2020-07-19,18462,18464
"324",2020,"July","Cermaq Canada","West Side",49.27928,-125.83065,"Clayoquot Sound",3,0.63,0.38,"0","0.03",2020-07-28,18471,18471
"325",2020,"August","Cermaq Canada","Fortune Channel",49.23503,-125.75174,"Clayoquot Sound",8,3.03,1.37,"2.77","5.19",2020-08-03,18477,18478
"326",2020,"August","Cermaq Canada","Fortune Channel",49.23503,-125.75174,"Clayoquot Sound",3,2.72,1.45,"0","0.03",2020-08-20,18494,18499
"327",2020,"August","Cermaq Canada","Fortune Channel",49.23503,-125.75174,"Clayoquot Sound",3,3,1.65,"0","0",2020-08-25,18499,18499
"328",2020,"August","Cermaq Canada","McIntyre Lake",49.30557,-125.81583,"Clayoquot Sound",10,0.67,0.33,"0.03","0.01",2020-08-02,18476,18478
"329",2020,"August","Cermaq Canada","McIntyre Lake",49.30557,-125.81583,"Clayoquot Sound",3,0.35,0.18,"0.02","0",2020-08-09,18483,18485
"330",2020,"August","Cermaq Canada","McIntyre Lake",49.30557,-125.81583,"Clayoquot Sound",3,0.18,0.07,"0","0.02",2020-08-16,18490,18492
"331",2020,"August","Cermaq Canada","McIntyre Lake",49.30557,-125.81583,"Clayoquot Sound",3,0.37,0.18,"0.02","0.02",2020-08-26,18500,18506
"332",2020,"August","Cermaq Canada","McIntyre Lake",49.30557,-125.81583,"Clayoquot Sound",2,0.38,0.1,"0.05","0",2020-08-31,18505,18506
"333",2020,"August","Cermaq Canada","Saranac Island",49.24803,-125.90671,"Clayoquot Sound",3,1.75,1.08,"0.17","0.03",2020-08-03,18477,18478
"334",2020,"August","Cermaq Canada","Saranac Island",49.24803,-125.90671,"Clayoquot Sound",3,1.75,0.82,"0.15","0",2020-08-10,18484,18485
"335",2020,"August","Cermaq Canada","Saranac Island",49.24803,-125.90671,"Clayoquot Sound",3,2.15,1.6,"0.03","0",2020-08-19,18493,18499
"336",2020,"August","Cermaq Canada","Saranac Island",49.24803,-125.90671,"Clayoquot Sound",3,4.8,3.28,"0.28","0",2020-08-27,18501,18506
"337",2020,"August","Cermaq Canada","West Side",49.27928,-125.83065,"Clayoquot Sound",3,0.6,0.45,"0","0",2020-08-02,18476,18478
"338",2020,"August","Cermaq Canada","West Side",49.27928,-125.83065,"Clayoquot Sound",3,0.53,0.38,"0","0.07",2020-08-09,18483,18485
"339",2020,"August","Cermaq Canada","West Side",49.27928,-125.83065,"Clayoquot Sound",3,0.28,0.18,"0","0.02",2020-08-16,18490,18492
"340",2020,"August","Cermaq Canada","West Side",49.27928,-125.83065,"Clayoquot Sound",3,0.42,0.25,"0","0.05",2020-08-26,18500,18506
"341",2020,"September","Cermaq Canada","Fortune Channel",49.23503,-125.75174,"Clayoquot Sound",8,3.05,1.51,"0.05","0.01",2020-09-04,18509,18513
"342",2020,"September","Cermaq Canada","Fortune Channel",49.23503,-125.75174,"Clayoquot Sound",3,2.4,1.48,"0","0.02",2020-09-14,18519,18520
"343",2020,"September","Cermaq Canada","Fortune Channel",49.23503,-125.75174,"Clayoquot Sound",8,1.78,0.79,"0.3","0",2020-09-20,18525,18527
"344",2020,"September","Cermaq Canada","McIntyre Lake",49.30557,-125.81583,"Clayoquot Sound",3,0.48,0.13,"0","0",2020-09-06,18511,18513
"345",2020,"September","Cermaq Canada","McIntyre Lake",49.30557,-125.81583,"Clayoquot Sound",3,0.32,0.1,"0.02","0",2020-09-27,18532,18534
"346",2020,"September","Cermaq Canada","Saranac Island",49.24803,-125.90671,"Clayoquot Sound",3,15.9,10.78,"0.02","2.1",2020-09-03,18508,18513
"347",2020,"September","Cermaq Canada","West Side",49.27928,-125.83065,"Clayoquot Sound",5,0.53,0.18,"0.05","0",2020-09-01,18506,18506
"348",2020,"September","Cermaq Canada","West Side",49.27928,-125.83065,"Clayoquot Sound",3,0.28,0.17,"0.07","0.02",2020-09-09,18514,18520
"349",2020,"September","Cermaq Canada","West Side",49.27928,-125.83065,"Clayoquot Sound",3,0.72,0.4,"0.2","0",2020-09-27,18532,18534
"350",2020,"October","Cermaq Canada","Dixon Bay",49.40478,-126.15072,"Clayoquot Sound",3,0,0,"0.02","0.02",2020-10-20,18555,18555
"351",2020,"October","Cermaq Canada","Dixon Bay",49.40478,-126.15072,"Clayoquot Sound",3,0,0,"0","0",2020-10-25,18560,18562
"352",2020,"October","Cermaq Canada","Fortune Channel",49.23503,-125.75174,"Clayoquot Sound",8,2.58,1.48,"0.13","0.04",2020-10-01,18536,18541
"353",2020,"October","Cermaq Canada","Fortune Channel",49.23503,-125.75174,"Clayoquot Sound",8,0.29,0.18,"0","0.01",2020-10-02,18537,18541
"354",2020,"October","Cermaq Canada","Fortune Channel",49.23503,-125.75174,"Clayoquot Sound",3,0.57,0.25,"0.42","0",2020-10-18,18553,18555
"355",2020,"October","Cermaq Canada","Fortune Channel",49.23503,-125.75174,"Clayoquot Sound",3,1.12,0.53,"0.05","0.25",2020-10-25,18560,18562
"356",2020,"October","Cermaq Canada","McIntyre Lake",49.30557,-125.81583,"Clayoquot Sound",3,0.92,0.52,"0.23","0.18",2020-10-05,18540,18541
"357",2020,"October","Cermaq Canada","McIntyre Lake",49.30557,-125.81583,"Clayoquot Sound",3,0.57,0.23,"0.12","0",2020-10-11,18546,18548
"358",2020,"October","Cermaq Canada","McIntyre Lake",49.30557,-125.81583,"Clayoquot Sound",3,0.47,0.28,"0.3","0.12",2020-10-18,18553,18555
"359",2020,"October","Cermaq Canada","McIntyre Lake",49.30557,-125.81583,"Clayoquot Sound",3,0.67,0.32,"0.18","0.02",2020-10-25,18560,18562
"360",2020,"October","Cermaq Canada","Ross Pass",49.32437,-126.04849,"Clayoquot Sound",3,0,0,"0.17","0",2020-10-06,18541,18541
"361",2020,"October","Cermaq Canada","Ross Pass",49.32437,-126.04849,"Clayoquot Sound",3,0.15,0.12,"0.08","0",2020-10-12,18547,18548
"362",2020,"October","Cermaq Canada","Ross Pass",49.32437,-126.04849,"Clayoquot Sound",3,0.07,0,"0.1","0.22",2020-10-18,18553,18555
"363",2020,"October","Cermaq Canada","Ross Pass",49.32437,-126.04849,"Clayoquot Sound",3,0.12,0,"0.22","0.02",2020-10-26,18561,18562
"364",2020,"October","Cermaq Canada","West Side",49.27928,-125.83065,"Clayoquot Sound",3,0.72,0.5,"0.32","0",2020-10-04,18539,18541
"365",2020,"October","Cermaq Canada","West Side",49.27928,-125.83065,"Clayoquot Sound",3,0.9,0.48,"0.07","0",2020-10-11,18546,18548
"366",2020,"October","Cermaq Canada","West Side",49.27928,-125.83065,"Clayoquot Sound",3,0.73,0.5,"0.08","0",2020-10-18,18553,18555
"367",2020,"October","Cermaq Canada","West Side",49.27928,-125.83065,"Clayoquot Sound",3,1.38,0.8,"0.03","0.12",2020-10-25,18560,18562
"368",2020,"November","Cermaq Canada","Bawden",49.30798,-126.00721,"Clayoquot Sound",2,0,0,"0.03","0.05",2020-11-16,18582,18583
"369",2020,"November","Cermaq Canada","Bawden",49.30798,-126.00721,"Clayoquot Sound",3,0.07,0,"0.05","0.07",2020-11-23,18589,18590
"370",2020,"November","Cermaq Canada","Bawden",49.30798,-126.00721,"Clayoquot Sound",3,0,0,"0","0",2020-11-29,18595,18597
"371",2020,"November","Cermaq Canada","Dixon Bay",49.40478,-126.15072,"Clayoquot Sound",3,0,0,"0","0",2020-11-01,18567,18569
"372",2020,"November","Cermaq Canada","Dixon Bay",49.40478,-126.15072,"Clayoquot Sound",3,0,0,"0","0.02",2020-11-08,18574,18576
"373",2020,"November","Cermaq Canada","Dixon Bay",49.40478,-126.15072,"Clayoquot Sound",3,0.12,0,"0.02","0",2020-11-16,18582,18583
"374",2020,"November","Cermaq Canada","Dixon Bay",49.40478,-126.15072,"Clayoquot Sound",3,0.02,0.02,"0","0.12",2020-11-22,18588,18590
"375",2020,"November","Cermaq Canada","Dixon Bay",49.40478,-126.15072,"Clayoquot Sound",3,0.22,0,"0.08","0",2020-11-29,18595,18597
"376",2020,"November","Cermaq Canada","Fortune Channel",49.23503,-125.75174,"Clayoquot Sound",3,1.4,0.92,"0.02","0.37",2020-11-01,18567,18569
"377",2020,"November","Cermaq Canada","Fortune Channel",49.23503,-125.75174,"Clayoquot Sound",3,2.03,1.17,"0.15","0.77",2020-11-08,18574,18576
"378",2020,"November","Cermaq Canada","Fortune Channel",49.23503,-125.75174,"Clayoquot Sound",3,1.78,0.92,"0.4","0.05",2020-11-16,18582,18583
"379",2020,"November","Cermaq Canada","Fortune Channel",49.23503,-125.75174,"Clayoquot Sound",2,1.4,0.88,"0.4","0",2020-11-19,18585,18590
"380",2020,"November","Cermaq Canada","Fortune Channel",49.23503,-125.75174,"Clayoquot Sound",4,5.23,2.09,"0.91","0.26",2020-11-26,18592,18597
"381",2020,"November","Cermaq Canada","Fortune Channel",49.23503,-125.75174,"Clayoquot Sound",4,7.05,2.03,"2.05","1.15",2020-11-29,18595,18597
"382",2020,"November","Cermaq Canada","McIntyre Lake",49.30557,-125.81583,"Clayoquot Sound",3,1.08,0.63,"0.02","0.07",2020-11-01,18567,18569
"383",2020,"November","Cermaq Canada","McIntyre Lake",49.30557,-125.81583,"Clayoquot Sound",3,1.2,0.43,"0.12","0",2020-11-08,18574,18576
"384",2020,"November","Cermaq Canada","McIntyre Lake",49.30557,-125.81583,"Clayoquot Sound",3,1.85,0.87,"0.27","0.18",2020-11-15,18581,18583
"385",2020,"November","Cermaq Canada","McIntyre Lake",49.30557,-125.81583,"Clayoquot Sound",3,2.75,0.87,"0.4","0",2020-11-22,18588,18590
"386",2020,"November","Cermaq Canada","McIntyre Lake",49.30557,-125.81583,"Clayoquot Sound",2,2.83,1.38,"0.18","0.15",2020-11-29,18595,18597
"387",2020,"November","Cermaq Canada","Millar Channel",49.37622,-126.09003,"Clayoquot Sound",2,0.08,0,"0.08","0.23",2020-11-25,18591,18597
"388",2020,"November","Cermaq Canada","Ross Pass",49.32437,-126.04849,"Clayoquot Sound",3,0,0,"0.07","0.25",2020-11-01,18567,18569
"389",2020,"November","Cermaq Canada","Ross Pass",49.32437,-126.04849,"Clayoquot Sound",3,0.1,0,"0.02","0",2020-11-08,18574,18576
"390",2020,"November","Cermaq Canada","Ross Pass",49.32437,-126.04849,"Clayoquot Sound",3,0.02,0,"0.05","0.15",2020-11-15,18581,18583
"391",2020,"November","Cermaq Canada","Ross Pass",49.32437,-126.04849,"Clayoquot Sound",3,0.05,0,"0.43","0.13",2020-11-22,18588,18590
"392",2020,"November","Cermaq Canada","Ross Pass",49.32437,-126.04849,"Clayoquot Sound",3,0.03,0,"0.63","0.4",2020-11-29,18595,18597
"393",2020,"November","Cermaq Canada","West Side",49.27928,-125.83065,"Clayoquot Sound",3,0.97,0.63,"0.12","0.02",2020-11-01,18567,18569
"394",2020,"November","Cermaq Canada","West Side",49.27928,-125.83065,"Clayoquot Sound",3,1.97,1,"0.33","0.07",2020-11-08,18574,18576
"395",2020,"November","Cermaq Canada","West Side",49.27928,-125.83065,"Clayoquot Sound",3,3.4,1.3,"0.43","0.03",2020-11-15,18581,18583
"396",2020,"November","Cermaq Canada","West Side",49.27928,-125.83065,"Clayoquot Sound",9,4.89,2.41,"1.11","0.27",2020-11-25,18591,18597
"397",2020,"November","Cermaq Canada","West Side",49.27928,-125.83065,"Clayoquot Sound",9,0.42,0.23,"0.03","0.03",2020-11-26,18592,18597
"398",2020,"December","Cermaq Canada","Bawden",49.30798,-126.00721,"Clayoquot Sound",3,0.15,0,"0.27","0.07",2020-12-07,18603,18604
"399",2020,"December","Cermaq Canada","Bawden",49.30798,-126.00721,"Clayoquot Sound",3,0,0,"0.3","0.05",2020-12-13,18609,18611
"400",2020,"December","Cermaq Canada","Bawden",49.30798,-126.00721,"Clayoquot Sound",3,0.03,0.02,"0.03","0.1",2020-12-20,18616,18618
"401",2020,"December","Cermaq Canada","Bawden",49.30798,-126.00721,"Clayoquot Sound",3,0.13,0.07,"0.3","0",2020-12-28,18624,18625
"402",2020,"December","Cermaq Canada","Dixon Bay",49.40478,-126.15072,"Clayoquot Sound",3,0,0,"0","0.15",2020-12-06,18602,18604
"403",2020,"December","Cermaq Canada","Dixon Bay",49.40478,-126.15072,"Clayoquot Sound",3,0.2,0,"0.03","0",2020-12-13,18609,18611
"404",2020,"December","Cermaq Canada","Dixon Bay",49.40478,-126.15072,"Clayoquot Sound",3,0.02,0,"0.02","0.18",2020-12-20,18616,18618
"405",2020,"December","Cermaq Canada","Dixon Bay",49.40478,-126.15072,"Clayoquot Sound",3,0.17,0,"0.05","0",2020-12-27,18623,18625
"406",2020,"December","Cermaq Canada","Fortune Channel",49.23503,-125.75174,"Clayoquot Sound",7,7.17,3.35,"3.22","0.66",2020-12-04,18600,18604
"407",2020,"December","Cermaq Canada","Fortune Channel",49.23503,-125.75174,"Clayoquot Sound",7,0.75,0.46,"0.34","0.2",2020-12-05,18601,18604
"408",2020,"December","Cermaq Canada","Fortune Channel",49.23503,-125.75174,"Clayoquot Sound",3,1.7,0.72,"0.42","0.02",2020-12-14,18610,18611
"409",2020,"December","Cermaq Canada","Fortune Channel",49.23503,-125.75174,"Clayoquot Sound",4,2.21,1.03,"0.54","0.05",2020-12-20,18616,18618
"410",2020,"December","Cermaq Canada","Fortune Channel",49.23503,-125.75174,"Clayoquot Sound",4,5.36,1.23,"0.36","0.14",2020-12-27,18623,18625
"411",2020,"December","Cermaq Canada","McIntyre Lake",49.30557,-125.81583,"Clayoquot Sound",3,5.07,1.78,"0.43","0.02",2020-12-07,18603,18604
"412",2020,"December","Cermaq Canada","McIntyre Lake",49.30557,-125.81583,"Clayoquot Sound",8,8.16,3.15,"1.21","0.46",2020-12-12,18608,18611
"413",2020,"December","Cermaq Canada","McIntyre Lake",49.30557,-125.81583,"Clayoquot Sound",8,0.93,0.57,"0.29","0.19",2020-12-13,18609,18611
"414",2020,"December","Cermaq Canada","McIntyre Lake",49.30557,-125.81583,"Clayoquot Sound",3,2.22,1.15,"1.48","0.3",2020-12-27,18623,18625
"415",2020,"December","Cermaq Canada","Millar Channel",49.37622,-126.09003,"Clayoquot Sound",2,0.03,0.03,"0.35","0.28",2020-12-01,18597,18597
"416",2020,"December","Cermaq Canada","Millar Channel",49.37622,-126.09003,"Clayoquot Sound",2,0,0,"0.03","0.15",2020-12-07,18603,18604
"417",2020,"December","Cermaq Canada","Millar Channel",49.37622,-126.09003,"Clayoquot Sound",2,0.03,0,"0.1","0",2020-12-16,18612,18618
"418",2020,"December","Cermaq Canada","Millar Channel",49.37622,-126.09003,"Clayoquot Sound",2,0.15,0,"0.03","0.45",2020-12-20,18616,18618
"419",2020,"December","Cermaq Canada","Ross Pass",49.32437,-126.04849,"Clayoquot Sound",3,0.17,0,"0.62","0.22",2020-12-06,18602,18604
"420",2020,"December","Cermaq Canada","Ross Pass",49.32437,-126.04849,"Clayoquot Sound",3,0.05,0,"0.58","0.7",2020-12-13,18609,18611
"421",2020,"December","Cermaq Canada","Ross Pass",49.32437,-126.04849,"Clayoquot Sound",2,0.18,0.03,"0.35","0.28",2020-12-21,18617,18618
"422",2020,"December","Cermaq Canada","Ross Pass",49.32437,-126.04849,"Clayoquot Sound",3,0.23,0.05,"1.37","1.28",2020-12-28,18624,18625
"423",2020,"December","Cermaq Canada","West Side",49.27928,-125.83065,"Clayoquot Sound",3,1.08,0.58,"0","0",2020-12-06,18602,18604
"424",2020,"December","Cermaq Canada","West Side",49.27928,-125.83065,"Clayoquot Sound",3,1.47,0.62,"0.28","0.08",2020-12-13,18609,18611
"425",2020,"December","Cermaq Canada","West Side",49.27928,-125.83065,"Clayoquot Sound",3,3.33,0.85,"1.03","0.03",2020-12-20,18616,18618
"426",2020,"December","Cermaq Canada","West Side",49.27928,-125.83065,"Clayoquot Sound",9,6.71,2.88,"0.32","0.37",2020-12-28,18624,18625
"427",2020,"December","Cermaq Canada","West Side",49.27928,-125.83065,"Clayoquot Sound",9,0.62,0.39,"0.06","0.09",2020-12-29,18625,18625
"428",2021,"January","Cermaq Canada","Bawden",49.30798,-126.00721,"Clayoquot Sound",3,0.17,0.08,"0.12","0.08",2021-01-04,18631,18632
"429",2021,"January","Cermaq Canada","Bawden",49.30798,-126.00721,"Clayoquot Sound",3,0.12,0.03,"0.25","0.07",2021-01-10,18637,18639
"430",2021,"January","Cermaq Canada","Bawden",49.30798,-126.00721,"Clayoquot Sound",4,0.15,0.05,"0.3","0.05",2021-01-17,18644,18646
"431",2021,"January","Cermaq Canada","Bawden",49.30798,-126.00721,"Clayoquot Sound",3,0.28,0.12,"0.27","0.17",2021-01-24,18651,18653
"432",2021,"January","Cermaq Canada","Dixon Bay",49.40478,-126.15072,"Clayoquot Sound",3,0.05,0.02,"0.02","0.6",2021-01-03,18630,18632
"433",2021,"January","Cermaq Canada","Dixon Bay",49.40478,-126.15072,"Clayoquot Sound",3,0.27,0.02,"0.12","0.25",2021-01-10,18637,18639
"434",2021,"January","Cermaq Canada","Dixon Bay",49.40478,-126.15072,"Clayoquot Sound",3,0.03,0,"0.3","0.77",2021-01-17,18644,18646
"435",2021,"January","Cermaq Canada","Dixon Bay",49.40478,-126.15072,"Clayoquot Sound",3,0.15,0.02,"0.07","0.92",2021-01-26,18653,18653
"436",2021,"January","Cermaq Canada","Fortune Channel",49.23503,-125.75174,"Clayoquot Sound",3,5.93,1.4,"0.6","0.15",2021-01-05,18632,18632
"437",2021,"January","Cermaq Canada","Fortune Channel",49.23503,-125.75174,"Clayoquot Sound",3,6.52,1.82,"0.78","0.48",2021-01-10,18637,18639
"438",2021,"January","Cermaq Canada","Fortune Channel",49.23503,-125.75174,"Clayoquot Sound",7,8.11,2.2,"1.53","0.57",2021-01-11,18638,18639
"439",2021,"January","Cermaq Canada","Fortune Channel",49.23503,-125.75174,"Clayoquot Sound",7,0.66,0.45,"0","0.05",2021-01-12,18639,18639
"440",2021,"January","Cermaq Canada","Fortune Channel",49.23503,-125.75174,"Clayoquot Sound",4,2.49,1.16,"0.45","0.28",2021-01-20,18647,18653
"441",2021,"January","Cermaq Canada","McIntyre Lake",49.30557,-125.81583,"Clayoquot Sound",3,4.17,0.97,"0.47","0.02",2021-01-04,18631,18632
"442",2021,"January","Cermaq Canada","McIntyre Lake",49.30557,-125.81583,"Clayoquot Sound",3,4.43,1.3,"1.9","0.33",2021-01-10,18637,18639
"443",2021,"January","Cermaq Canada","McIntyre Lake",49.30557,-125.81583,"Clayoquot Sound",8,8.62,2.64,"0.88","0.38",2021-01-18,18645,18646
"444",2021,"January","Cermaq Canada","McIntyre Lake",49.30557,-125.81583,"Clayoquot Sound",8,0.91,0.58,"0.08","0.03",2021-01-19,18646,18646
"445",2021,"January","Cermaq Canada","Millar Channel",49.37622,-126.09003,"Clayoquot Sound",2,0.05,0.03,"0.3","2.03",2021-01-04,18631,18632
"446",2021,"January","Cermaq Canada","Millar Channel",49.37622,-126.09003,"Clayoquot Sound",2,0.18,0,"0.4","0.85",2021-01-15,18642,18646
"447",2021,"January","Cermaq Canada","Millar Channel",49.37622,-126.09003,"Clayoquot Sound",2,0.3,0,"0.08","1.03",2021-01-18,18645,18646
"448",2021,"January","Cermaq Canada","Millar Channel",49.37622,-126.09003,"Clayoquot Sound",2,0.33,0.03,"0.15","2.05",2021-01-26,18653,18653
"449",2021,"January","Cermaq Canada","Ross Pass",49.32437,-126.04849,"Clayoquot Sound",3,0.37,0.05,"2.08","1.95",2021-01-03,18630,18632
"450",2021,"January","Cermaq Canada","Ross Pass",49.32437,-126.04849,"Clayoquot Sound",3,0.33,0.13,"1.13","1.72",2021-01-10,18637,18639
"451",2021,"January","Cermaq Canada","Ross Pass",49.32437,-126.04849,"Clayoquot Sound",3,0.4,0.07,"0.12","2.38",2021-01-17,18644,18646
"452",2021,"January","Cermaq Canada","Ross Pass",49.32437,-126.04849,"Clayoquot Sound",3,0.63,0.22,"1.53","1.05",2021-01-24,18651,18653
"453",2021,"January","Cermaq Canada","West Side",49.27928,-125.83065,"Clayoquot Sound",3,1.83,0.77,"0.22","0.03",2021-01-17,18644,18646
"454",2021,"January","Cermaq Canada","West Side",49.27928,-125.83065,"Clayoquot Sound",9,5.03,1.24,"0.37","0.23",2021-01-26,18653,18653
"455",2021,"January","Cermaq Canada","West Side",49.27928,-125.83065,"Clayoquot Sound",9,0.69,0.27,"0.06","0.01",2021-01-27,18654,18660
"456",2021,"January","Cermaq Canada","West Side",49.27928,-125.83065,"Clayoquot Sound",5,3.45,0.58,"0.38","0.21",2021-01-29,18656,18660
"457",2021,"February","Cermaq Canada","Bawden",49.30798,-126.00721,"Clayoquot Sound",4,0.43,0.09,"0.15","0.3",2021-02-07,18665,18667
"458",2021,"February","Cermaq Canada","Bawden",49.30798,-126.00721,"Clayoquot Sound",4,0.45,0.21,"0.21","0.73",2021-02-22,18680,18681
"459",2021,"February","Cermaq Canada","Bawden",49.30798,-126.00721,"Clayoquot Sound",3,0.77,0.37,"0.93","0.35",2021-02-28,18686,18688
"460",2021,"February","Cermaq Canada","Dixon Bay",49.40478,-126.15072,"Clayoquot Sound",6,0.24,0.06,"0.22","1.08",2021-02-07,18665,18667
"461",2021,"February","Cermaq Canada","Dixon Bay",49.40478,-126.15072,"Clayoquot Sound",6,0.46,0.06,"1.51","2.87",2021-02-21,18679,18681
"462",2021,"February","Cermaq Canada","Fortune Channel",49.23503,-125.75174,"Clayoquot Sound",7,4.23,1.44,"0.69","0.34",2021-02-04,18662,18667
"463",2021,"February","Cermaq Canada","Fortune Channel",49.23503,-125.75174,"Clayoquot Sound",7,0.44,0.29,"0.01","0.01",2021-02-05,18663,18667
"464",2021,"February","Cermaq Canada","Fortune Channel",49.23503,-125.75174,"Clayoquot Sound",7,2.14,0.41,"0.29","0.07",2021-02-21,18679,18681
"465",2021,"February","Cermaq Canada","Fortune Channel",49.23503,-125.75174,"Clayoquot Sound",7,0.34,0.19,"0.04","0.01",2021-02-22,18680,18681
"466",2021,"February","Cermaq Canada","McIntyre Lake",49.30557,-125.81583,"Clayoquot Sound",5,5.23,1.11,"1","0.37",2021-02-07,18665,18667
"467",2021,"February","Cermaq Canada","McIntyre Lake",49.30557,-125.81583,"Clayoquot Sound",8,9.16,2.43,"2.03","0.36",2021-02-13,18671,18674
"468",2021,"February","Cermaq Canada","McIntyre Lake",49.30557,-125.81583,"Clayoquot Sound",4,1.03,0.29,"0.83","0.03",2021-02-21,18679,18681
"469",2021,"February","Cermaq Canada","Millar Channel",49.37622,-126.09003,"Clayoquot Sound",2,0.53,0.18,"1.15","2.83",2021-02-03,18661,18667
"470",2021,"February","Cermaq Canada","Millar Channel",49.37622,-126.09003,"Clayoquot Sound",2,0.93,0.28,"6.38","5.6",2021-02-16,18674,18674
"471",2021,"February","Cermaq Canada","Millar Channel",49.37622,-126.09003,"Clayoquot Sound",2,0.23,0.05,"12.5","1.58",2021-02-24,18682,18688
"472",2021,"February","Cermaq Canada","Ross Pass",49.32437,-126.04849,"Clayoquot Sound",6,0.4,0.13,"0.83","2.44",2021-02-07,18665,18667
"473",2021,"February","Cermaq Canada","Ross Pass",49.32437,-126.04849,"Clayoquot Sound",6,0.86,0.32,"2.46","7.75",2021-02-21,18679,18681
"474",2021,"February","Cermaq Canada","Ross Pass",49.32437,-126.04849,"Clayoquot Sound",3,0.65,0.22,"0.75","4.58",2021-02-28,18686,18688
"475",2021,"February","Cermaq Canada","West Side",49.27928,-125.83065,"Clayoquot Sound",5,1.77,0.82,"0.2","0.02",2021-02-07,18665,18667
"476",2021,"February","Cermaq Canada","West Side",49.27928,-125.83065,"Clayoquot Sound",6,4.55,1.73,"1.56","0.14",2021-02-21,18679,18681
"477",2021,"February","Cermaq Canada","West Side",49.27928,-125.83065,"Clayoquot Sound",5,0.39,0.17,"0.03","0",2021-02-23,18681,18681
"478",2021,"March","Cermaq Canada","Bawden",49.30798,-126.00721,"Clayoquot Sound",3,0.77,0.48,"0.9","0.67",2021-03-07,18693,18695
"479",2021,"March","Cermaq Canada","Bawden",49.30798,-126.00721,"Clayoquot Sound",6,0.46,0.08,"3.15","0.92",2021-03-19,18705,18709
"480",2021,"March","Cermaq Canada","Bawden",49.30798,-126.00721,"Clayoquot Sound",6,0,0,"1.42","0.11",2021-03-20,18706,18709
"481",2021,"March","Cermaq Canada","Bawden",49.30798,-126.00721,"Clayoquot Sound",4,0.23,0.05,"0.8","2.03",2021-03-22,18708,18709
"482",2021,"March","Cermaq Canada","Bawden",49.30798,-126.00721,"Clayoquot Sound",3,0.05,0.02,"0.17","0.07",2021-03-29,18715,18716
"483",2021,"March","Cermaq Canada","Dixon Bay",49.40478,-126.15072,"Clayoquot Sound",4,0.26,0.09,"4.24","3.95",2021-03-02,18688,18688
"484",2021,"March","Cermaq Canada","Dixon Bay",49.40478,-126.15072,"Clayoquot Sound",10,0.12,0.07,"6.83","6.7",2021-03-22,18708,18709
"485",2021,"March","Cermaq Canada","Dixon Bay",49.40478,-126.15072,"Clayoquot Sound",10,0.04,0.01,"4.84","1.93",2021-03-23,18709,18709
"486",2021,"March","Cermaq Canada","Dixon Bay",49.40478,-126.15072,"Clayoquot Sound",4,0.04,0.03,"1.09","3.04",2021-03-26,18712,18716
"487",2021,"March","Cermaq Canada","Fortune Channel",49.23503,-125.75174,"Clayoquot Sound",4,0.95,0.26,"0.76","0.19",2021-03-04,18690,18695
"488",2021,"March","Cermaq Canada","Fortune Channel",49.23503,-125.75174,"Clayoquot Sound",7,1.59,0.32,"0.68","0.12",2021-03-13,18699,18702
"489",2021,"March","Cermaq Canada","Fortune Channel",49.23503,-125.75174,"Clayoquot Sound",7,0.16,0.09,"0.03","0",2021-03-15,18701,18702
"490",2021,"March","Cermaq Canada","Fortune Channel",49.23503,-125.75174,"Clayoquot Sound",5,1.74,0.49,"0.45","0.11",2021-03-16,18702,18702
"491",2021,"March","Cermaq Canada","Fortune Channel",49.23503,-125.75174,"Clayoquot Sound",3,0.48,0.3,"0.23","0",2021-03-29,18715,18716
"492",2021,"March","Cermaq Canada","McIntyre Lake",49.30557,-125.81583,"Clayoquot Sound",8,4.13,0.56,"0.66","0.06",2021-03-02,18688,18688
"493",2021,"March","Cermaq Canada","McIntyre Lake",49.30557,-125.81583,"Clayoquot Sound",8,0.36,0.14,"0.08","0.01",2021-03-03,18689,18695
"494",2021,"March","Cermaq Canada","McIntyre Lake",49.30557,-125.81583,"Clayoquot Sound",2,1.3,0.08,"0.03","0",2021-03-09,18695,18695
"495",2021,"March","Cermaq Canada","McIntyre Lake",49.30557,-125.81583,"Clayoquot Sound",3,0.62,0.3,"0.28","0.05",2021-03-14,18700,18702
"496",2021,"March","Cermaq Canada","McIntyre Lake",49.30557,-125.81583,"Clayoquot Sound",3,1.18,0.43,"0.13","0.18",2021-03-21,18707,18709
"497",2021,"March","Cermaq Canada","McIntyre Lake",49.30557,-125.81583,"Clayoquot Sound",6,3.23,0.73,"0.48","0.12",2021-03-28,18714,18716
"498",2021,"March","Cermaq Canada","McIntyre Lake",49.30557,-125.81583,"Clayoquot Sound",4,0.45,0.18,"0.19","0",2021-03-30,18716,18716
"499",2021,"March","Cermaq Canada","Millar Channel",49.37622,-126.09003,"Clayoquot Sound",2,0.58,0.25,"8.05","11.88",2021-03-01,18687,18688
"500",2021,"March","Cermaq Canada","Millar Channel",49.37622,-126.09003,"Clayoquot Sound",2,0.38,0.23,"20.85","9.08",2021-03-10,18696,18702
"501",2021,"March","Cermaq Canada","Millar Channel",49.37622,-126.09003,"Clayoquot Sound",2,0.25,0.18,"8.55","8.03",2021-03-17,18703,18709
"502",2021,"March","Cermaq Canada","Millar Channel",49.37622,-126.09003,"Clayoquot Sound",2,0,0,"18.95","4.15",2021-03-30,18716,18716
"503",2021,"March","Cermaq Canada","Rant Point",49.2567,-125.84153,"Clayoquot Sound",10,0.64,0.14,"5.97","8.15",2021-03-10,18696,18702
"504",2021,"March","Cermaq Canada","Rant Point",49.2567,-125.84153,"Clayoquot Sound",2,0,0,"3.73","0.25",2021-03-11,18697,18702
"505",2021,"March","Cermaq Canada","Rant Point",49.2567,-125.84153,"Clayoquot Sound",10,0,0,"6.9","0.35",2021-03-12,18698,18702
"506",2021,"March","Cermaq Canada","Rant Point",49.2567,-125.84153,"Clayoquot Sound",3,0.28,0.18,"0.13","0.5",2021-03-25,18711,18716
"507",2021,"March","Cermaq Canada","Rant Point",49.2567,-125.84153,"Clayoquot Sound",3,0.07,0.03,"1.7","0.5",2021-03-29,18715,18716
"508",2021,"March","Cermaq Canada","Ross Pass",49.32437,-126.04849,"Clayoquot Sound",4,0.71,0.29,"3.35","4.06",2021-03-07,18693,18695
"509",2021,"March","Cermaq Canada","Ross Pass",49.32437,-126.04849,"Clayoquot Sound",10,0.62,0.22,"4.05","4.55",2021-03-10,18696,18702
"510",2021,"March","Cermaq Canada","Ross Pass",49.32437,-126.04849,"Clayoquot Sound",8,0.2,0.15,"3.58","0.2",2021-03-12,18698,18702
"511",2021,"March","Cermaq Canada","Ross Pass",49.32437,-126.04849,"Clayoquot Sound",3,0.17,0.08,"5.03","0.88",2021-03-21,18707,18709
"512",2021,"March","Cermaq Canada","Ross Pass",49.32437,-126.04849,"Clayoquot Sound",3,0.4,0.23,"1.02","1.03",2021-03-28,18714,18716
"513",2021,"March","Cermaq Canada","Saranac Island",49.24803,-125.90671,"Clayoquot Sound",6,0.53,0.08,"2.05","1.19",2021-03-15,18701,18702
"514",2021,"March","Cermaq Canada","Saranac Island",49.24803,-125.90671,"Clayoquot Sound",6,0.03,0.03,"2.13","0.1",2021-03-16,18702,18702
"515",2021,"March","Cermaq Canada","Saranac Island",49.24803,-125.90671,"Clayoquot Sound",3,0.03,0,"1.13","0.12",2021-03-21,18707,18709
"516",2021,"March","Cermaq Canada","Saranac Island",49.24803,-125.90671,"Clayoquot Sound",3,0.02,0,"0.77","0.13",2021-03-29,18715,18716
"517",2021,"March","Cermaq Canada","West Side",49.27928,-125.83065,"Clayoquot Sound",3,1.17,0.38,"0.08","0.07",2021-03-03,18689,18695
"518",2021,"March","Cermaq Canada","West Side",49.27928,-125.83065,"Clayoquot Sound",3,1.48,0.62,"0.07","0.05",2021-03-07,18693,18695
"519",2021,"April","Cermaq Canada","Bawden",49.30798,-126.00721,"Clayoquot Sound",3,0.07,0.02,"0.05","0.23",2021-04-04,18721,18723
"520",2021,"April","Cermaq Canada","Bawden",49.30798,-126.00721,"Clayoquot Sound",4,0.25,0.11,"2.83","0.91",2021-04-12,18729,18730
"521",2021,"April","Cermaq Canada","Bawden",49.30798,-126.00721,"Clayoquot Sound",3,0.1,0.02,"2.37","1.8",2021-04-18,18735,18737
"522",2021,"April","Cermaq Canada","Bawden",49.30798,-126.00721,"Clayoquot Sound",3,0.45,0.05,"1.5","1.18",2021-04-25,18742,18744
"523",2021,"April","Cermaq Canada","Dixon Bay",49.40478,-126.15072,"Clayoquot Sound",3,0.1,0,"0.53","1.22",2021-04-04,18721,18723
"524",2021,"April","Cermaq Canada","Dixon Bay",49.40478,-126.15072,"Clayoquot Sound",3,0,0,"0.88","0.65",2021-04-11,18728,18730
"525",2021,"April","Cermaq Canada","Dixon Bay",49.40478,-126.15072,"Clayoquot Sound",3,0.18,0,"2.2","2.58",2021-04-18,18735,18737
"526",2021,"April","Cermaq Canada","Dixon Bay",49.40478,-126.15072,"Clayoquot Sound",3,0.13,0.02,"1.5","2.97",2021-04-25,18742,18744
"527",2021,"April","Cermaq Canada","Fortune Channel",49.23503,-125.75174,"Clayoquot Sound",3,0.83,0.25,"0.38","0.13",2021-04-04,18721,18723
"528",2021,"April","Cermaq Canada","Fortune Channel",49.23503,-125.75174,"Clayoquot Sound",3,0.93,0.52,"0.13","0",2021-04-11,18728,18730
"529",2021,"April","Cermaq Canada","Fortune Channel",49.23503,-125.75174,"Clayoquot Sound",2,1.53,0.3,"0.73","0.05",2021-04-19,18736,18737
"530",2021,"April","Cermaq Canada","Fortune Channel",49.23503,-125.75174,"Clayoquot Sound",3,1.18,0.7,"0.58","0",2021-04-29,18746,18751
"531",2021,"April","Cermaq Canada","Fortune Channel",49.23503,-125.75174,"Clayoquot Sound",5,3.02,0.95,"1.18","0.16",2021-04-30,18747,18751
"532",2021,"April","Cermaq Canada","Fortune Channel",49.23503,-125.75174,"Clayoquot Sound",5,0.39,0.2,"0.1","0",2021-05-01,18748,18751
"533",2021,"April","Cermaq Canada","McIntyre Lake",49.30557,-125.81583,"Clayoquot Sound",3,2.1,0.45,"0.3","0.02",2021-04-01,18718,18723
"534",2021,"April","Cermaq Canada","McIntyre Lake",49.30557,-125.81583,"Clayoquot Sound",3,0.9,0.38,"0.38","0.2",2021-04-04,18721,18723
"535",2021,"April","Cermaq Canada","McIntyre Lake",49.30557,-125.81583,"Clayoquot Sound",3,0.85,0.38,"0.52","0.07",2021-04-11,18728,18730
"536",2021,"April","Cermaq Canada","McIntyre Lake",49.30557,-125.81583,"Clayoquot Sound",3,0.78,0.33,"0.42","0.28",2021-04-18,18735,18737
"537",2021,"April","Cermaq Canada","Millar Channel",49.37622,-126.09003,"Clayoquot Sound",2,0.43,0.3,"16.83","1.05",2021-04-07,18724,18730
"538",2021,"April","Cermaq Canada","Millar Channel",49.37622,-126.09003,"Clayoquot Sound",2,0.45,0.28,"4.7","0.48",2021-04-12,18729,18730
"539",2021,"April","Cermaq Canada","Millar Channel",49.37622,-126.09003,"Clayoquot Sound",2,0.7,0.33,"3.05","0.85",2021-04-22,18739,18744
"540",2021,"April","Cermaq Canada","Millar Channel",49.37622,-126.09003,"Clayoquot Sound",3,0.33,0.12,"0.13","0.13",2021-04-26,18743,18744
"541",2021,"April","Cermaq Canada","Mussel Rock",49.25925,-125.86762,"Clayoquot Sound",3,0,0,"0","0.02",2021-04-18,18735,18737
"542",2021,"April","Cermaq Canada","Mussel Rock",49.25925,-125.86762,"Clayoquot Sound",3,0.33,0,"0.65","0.3",2021-04-25,18742,18744
"543",2021,"April","Cermaq Canada","Rant Point",49.2567,-125.84153,"Clayoquot Sound",3,0.6,0.57,"3.23","0.57",2021-04-04,18721,18723
"544",2021,"April","Cermaq Canada","Rant Point",49.2567,-125.84153,"Clayoquot Sound",3,0.57,0.03,"5.75","3.4",2021-04-12,18729,18730
"545",2021,"April","Cermaq Canada","Rant Point",49.2567,-125.84153,"Clayoquot Sound",3,1.57,0.45,"5.15","1.25",2021-04-18,18735,18737
"546",2021,"April","Cermaq Canada","Rant Point",49.2567,-125.84153,"Clayoquot Sound",10,1.99,0.71,"8.36","3.45",2021-04-23,18740,18744
"547",2021,"April","Cermaq Canada","Rant Point",49.2567,-125.84153,"Clayoquot Sound",10,0.48,0.06,"10.06","0.33",2021-04-24,18741,18744
"548",2021,"April","Cermaq Canada","Ross Pass",49.32437,-126.04849,"Clayoquot Sound",3,0.2,0.08,"0.33","0.33",2021-04-04,18721,18723
"549",2021,"April","Cermaq Canada","Ross Pass",49.32437,-126.04849,"Clayoquot Sound",3,0.52,0.25,"0","0.58",2021-04-11,18728,18730
"550",2021,"April","Cermaq Canada","Ross Pass",49.32437,-126.04849,"Clayoquot Sound",3,0.45,0.2,"0.15","1.7",2021-04-18,18735,18737
"551",2021,"April","Cermaq Canada","Ross Pass",49.32437,-126.04849,"Clayoquot Sound",3,0.42,0.17,"0.02","0.3",2021-04-25,18742,18744
"552",2021,"April","Cermaq Canada","Saranac Island",49.24803,-125.90671,"Clayoquot Sound",3,0.03,0,"1.55","0.08",2021-04-05,18722,18723
"553",2021,"April","Cermaq Canada","Saranac Island",49.24803,-125.90671,"Clayoquot Sound",3,0.2,0,"8.73","0.8",2021-04-11,18728,18730
"554",2021,"April","Cermaq Canada","Saranac Island",49.24803,-125.90671,"Clayoquot Sound",3,0.2,0.02,"15.13","1.37",2021-04-18,18735,18737
"555",2021,"April","Cermaq Canada","Saranac Island",49.24803,-125.90671,"Clayoquot Sound",3,2.48,0.9,"27.95","2.5",2021-04-26,18743,18744
"556",2021,"May","Cermaq Canada","Bawden",49.30798,-126.00721,"Clayoquot Sound",3,0.23,0.03,"0.38","1.17",2021-05-03,18750,18751
"557",2021,"May","Cermaq Canada","Bawden",49.30798,-126.00721,"Clayoquot Sound",3,0.28,0.05,"0.18","1.28",2021-05-10,18757,18758
"558",2021,"May","Cermaq Canada","Bawden",49.30798,-126.00721,"Clayoquot Sound",3,0.4,0.13,"0.47","0.92",2021-05-16,18763,18765
"559",2021,"May","Cermaq Canada","Bawden",49.30798,-126.00721,"Clayoquot Sound",3,1.38,0.53,"0.08","1.33",2021-05-23,18770,18772
"560",2021,"May","Cermaq Canada","Bawden",49.30798,-126.00721,"Clayoquot Sound",3,1.03,0.32,"0.3","0.72",2021-05-30,18777,18779
"561",2021,"May","Cermaq Canada","Dixon Bay",49.40478,-126.15072,"Clayoquot Sound",3,0.3,0,"1.53","2.02",2021-05-02,18749,18751
"562",2021,"May","Cermaq Canada","Dixon Bay",49.40478,-126.15072,"Clayoquot Sound",3,0.27,0.1,"0.92","4.55",2021-05-09,18756,18758
"563",2021,"May","Cermaq Canada","Dixon Bay",49.40478,-126.15072,"Clayoquot Sound",3,0.13,0,"1.03","2.12",2021-05-16,18763,18765
"564",2021,"May","Cermaq Canada","Dixon Bay",49.40478,-126.15072,"Clayoquot Sound",3,0.63,0.17,"0.82","3.6",2021-05-23,18770,18772
"565",2021,"May","Cermaq Canada","Dixon Bay",49.40478,-126.15072,"Clayoquot Sound",3,0.52,0.07,"0.3","1.72",2021-05-30,18777,18779
"566",2021,"May","Cermaq Canada","Fortune Channel",49.23503,-125.75174,"Clayoquot Sound",3,0.73,0.37,"0.2","0.02",2021-05-09,18756,18758
"567",2021,"May","Cermaq Canada","Fortune Channel",49.23503,-125.75174,"Clayoquot Sound",3,2.72,0.4,"3.12","0.58",2021-05-19,18766,18772
"568",2021,"May","Cermaq Canada","Fortune Channel",49.23503,-125.75174,"Clayoquot Sound",3,1.33,0.47,"1.67","0.03",2021-05-23,18770,18772
"569",2021,"May","Cermaq Canada","Fortune Channel",49.23503,-125.75174,"Clayoquot Sound",2,2.35,0.8,"2.25","0.13",2021-05-27,18774,18779
"570",2021,"May","Cermaq Canada","Fortune Channel",49.23503,-125.75174,"Clayoquot Sound",2,0.45,0.25,"0.18","0",2021-05-28,18775,18779
"571",2021,"May","Cermaq Canada","Fortune Channel",49.23503,-125.75174,"Clayoquot Sound",3,1.23,0.32,"1.35","0.3",2021-05-30,18777,18779
"572",2021,"May","Cermaq Canada","Millar Channel",49.37622,-126.09003,"Clayoquot Sound",2,0.2,0,"1.4","0.98",2021-05-04,18751,18751
"573",2021,"May","Cermaq Canada","Millar Channel",49.37622,-126.09003,"Clayoquot Sound",2,1.05,0.48,"0.65","1.95",2021-05-10,18757,18758
"574",2021,"May","Cermaq Canada","Millar Channel",49.37622,-126.09003,"Clayoquot Sound",2,1.68,0.55,"2.5","1.6",2021-05-18,18765,18765
"575",2021,"May","Cermaq Canada","Millar Channel",49.37622,-126.09003,"Clayoquot Sound",4,1.8,0.46,"1.13","1.43",2021-05-22,18769,18772
"576",2021,"May","Cermaq Canada","Millar Channel",49.37622,-126.09003,"Clayoquot Sound",4,0.39,0.14,"0.14","0.03",2021-05-23,18770,18772
"577",2021,"May","Cermaq Canada","Mussel Rock",49.25925,-125.86762,"Clayoquot Sound",3,0.08,0.08,"0.07","0.23",2021-05-03,18750,18751
"578",2021,"May","Cermaq Canada","Mussel Rock",49.25925,-125.86762,"Clayoquot Sound",6,0.37,0.25,"0.33","0.88",2021-05-13,18760,18765
"579",2021,"May","Cermaq Canada","Mussel Rock",49.25925,-125.86762,"Clayoquot Sound",3,0.42,0.32,"0.65","1.26",2021-05-27,18774,18779
"580",2021,"May","Cermaq Canada","Rant Point",49.2567,-125.84153,"Clayoquot Sound",3,1.08,0.48,"4.57","2.98",2021-05-05,18752,18758
"581",2021,"May","Cermaq Canada","Rant Point",49.2567,-125.84153,"Clayoquot Sound",10,2.22,0.76,"6.49","2.46",2021-05-10,18757,18758
"582",2021,"May","Cermaq Canada","Rant Point",49.2567,-125.84153,"Clayoquot Sound",10,0.35,0.18,"5.97","0.12",2021-05-11,18758,18758
"583",2021,"May","Cermaq Canada","Rant Point",49.2567,-125.84153,"Clayoquot Sound",3,1.38,0.48,"1.57","0.72",2021-05-25,18772,18772
"584",2021,"May","Cermaq Canada","Rant Point",49.2567,-125.84153,"Clayoquot Sound",10,1.9,1.11,"0.18","0.15",2021-05-30,18777,18779
"585",2021,"May","Cermaq Canada","Rant Point",49.2567,-125.84153,"Clayoquot Sound",12,0.5,0.26,"0.08","0.02",2021-05-31,18778,18779
"586",2021,"May","Cermaq Canada","Ross Pass",49.32437,-126.04849,"Clayoquot Sound",3,0.65,0.3,"0.1","0.02",2021-05-02,18749,18751
"587",2021,"May","Cermaq Canada","Ross Pass",49.32437,-126.04849,"Clayoquot Sound",3,1.22,0.5,"0.27","0.52",2021-05-09,18756,18758
"588",2021,"May","Cermaq Canada","Ross Pass",49.32437,-126.04849,"Clayoquot Sound",10,1.32,0.46,"0.3","0.67",2021-05-16,18763,18765
"589",2021,"May","Cermaq Canada","Ross Pass",49.32437,-126.04849,"Clayoquot Sound",9,0.19,0.08,"0.07","0.02",2021-05-17,18764,18765
"590",2021,"May","Cermaq Canada","Ross Pass",49.32437,-126.04849,"Clayoquot Sound",3,0.25,0.17,"0","0.22",2021-05-23,18770,18772
"591",2021,"May","Cermaq Canada","Ross Pass",49.32437,-126.04849,"Clayoquot Sound",3,0.58,0.1,"0.17","0.33",2021-05-31,18778,18779
"592",2021,"May","Cermaq Canada","Saranac Island",49.24803,-125.90671,"Clayoquot Sound",11,4,1.61,"25.15","7.49",2021-05-02,18749,18751
"593",2021,"May","Cermaq Canada","Saranac Island",49.24803,-125.90671,"Clayoquot Sound",11,0.62,0.25,"16.08","1",2021-05-04,18751,18751
"594",2021,"May","Cermaq Canada","Saranac Island",49.24803,-125.90671,"Clayoquot Sound",3,2.55,1.48,"9.92","2.5",2021-05-16,18763,18765
"595",2021,"May","Cermaq Canada","Saranac Island",49.24803,-125.90671,"Clayoquot Sound",11,3.98,1.39,"7.74","1.03",2021-05-19,18766,18772
"596",2021,"May","Cermaq Canada","Saranac Island",49.24803,-125.90671,"Clayoquot Sound",11,0.6,0.37,"1.92","0.07",2021-05-20,18767,18772
"597",2021,"May","Cermaq Canada","Saranac Island",49.24803,-125.90671,"Clayoquot Sound",3,1.45,0.63,"0.77","0",2021-05-30,18777,18779
"598",2021,"June","Cermaq Canada","Bawden",49.30798,-126.00721,"Clayoquot Sound",5,0.52,0.28,"0.07","0.72",2021-06-04,18782,18786
"599",2021,"June","Cermaq Canada","Bawden",49.30798,-126.00721,"Clayoquot Sound",3,0.63,0.42,"0.13","0.8",2021-06-06,18784,18786
"600",2021,"June","Cermaq Canada","Bawden",49.30798,-126.00721,"Clayoquot Sound",3,2.4,0.95,"0.05","0.7",2021-06-13,18791,18793
"601",2021,"June","Cermaq Canada","Bawden",49.30798,-126.00721,"Clayoquot Sound",3,1.37,0.93,"0","0.32",2021-06-20,18798,18800
"602",2021,"June","Cermaq Canada","Bawden",49.30798,-126.00721,"Clayoquot Sound",7,2.25,1.14,"0.64","0.19",2021-06-24,18802,18807
"603",2021,"June","Cermaq Canada","Bawden",49.30798,-126.00721,"Clayoquot Sound",7,0.27,0.21,"0.1","0.01",2021-06-25,18803,18807
"604",2021,"June","Cermaq Canada","Dixon Bay",49.40478,-126.15072,"Clayoquot Sound",3,0.37,0.12,"0.1","2.3",2021-06-06,18784,18786
"605",2021,"June","Cermaq Canada","Dixon Bay",49.40478,-126.15072,"Clayoquot Sound",3,0.88,0.18,"0.15","1.2",2021-06-13,18791,18793
"606",2021,"June","Cermaq Canada","Dixon Bay",49.40478,-126.15072,"Clayoquot Sound",3,2.07,0.55,"0.45","1.22",2021-06-20,18798,18800
"607",2021,"June","Cermaq Canada","Dixon Bay",49.40478,-126.15072,"Clayoquot Sound",3,1.57,0.93,"1.47","0.08",2021-06-27,18805,18807
"608",2021,"June","Cermaq Canada","Millar Channel",49.37622,-126.09003,"Clayoquot Sound",2,1,0.5,"1.03","0.73",2021-06-01,18779,18779
"609",2021,"June","Cermaq Canada","Millar Channel",49.37622,-126.09003,"Clayoquot Sound",2,2.13,0.58,"1.4","1.1",2021-06-08,18786,18786
"610",2021,"June","Cermaq Canada","Millar Channel",49.37622,-126.09003,"Clayoquot Sound",2,3.05,1.43,"1.08","1.25",2021-06-15,18793,18793
"611",2021,"June","Cermaq Canada","Millar Channel",49.37622,-126.09003,"Clayoquot Sound",4,5.56,2.14,"1.43","0.71",2021-06-19,18797,18800
"612",2021,"June","Cermaq Canada","Millar Channel",49.37622,-126.09003,"Clayoquot Sound",4,0.51,0.3,"0.15","0.01",2021-06-20,18798,18800
"613",2021,"June","Cermaq Canada","Millar Channel",49.37622,-126.09003,"Clayoquot Sound",3,2.85,1.73,"2.03","1.12",2021-06-29,18807,18807
"614",2021,"June","Cermaq Canada","Mussel Rock",49.25925,-125.86762,"Clayoquot Sound",3,0.57,0.12,"1.28","0.08",2021-06-09,18787,18793
"615",2021,"June","Cermaq Canada","Mussel Rock",49.25925,-125.86762,"Clayoquot Sound",3,0.53,0.53,"1.22","0.9",2021-06-15,18793,18793
"616",2021,"June","Cermaq Canada","Mussel Rock",49.25925,-125.86762,"Clayoquot Sound",3,1.18,0.57,"0.23","0.03",2021-06-20,18798,18800
"617",2021,"June","Cermaq Canada","Mussel Rock",49.25925,-125.86762,"Clayoquot Sound",3,1.77,0.57,"0.13","0.75",2021-06-27,18805,18807
"618",2021,"June","Cermaq Canada","Rant Point",49.2567,-125.84153,"Clayoquot Sound",3,0.6,0.15,"0.15","0.22",2021-06-13,18791,18793
"619",2021,"June","Cermaq Canada","Rant Point",49.2567,-125.84153,"Clayoquot Sound",3,0.9,0.53,"0","0.05",2021-06-20,18798,18800
"620",2021,"June","Cermaq Canada","Rant Point",49.2567,-125.84153,"Clayoquot Sound",3,1.03,0.35,"0.03","0.1",2021-06-27,18805,18807
"621",2021,"June","Cermaq Canada","Ross Pass",49.32437,-126.04849,"Clayoquot Sound",3,0.58,0.2,"0.1","0.43",2021-06-06,18784,18786
"622",2021,"June","Cermaq Canada","Ross Pass",49.32437,-126.04849,"Clayoquot Sound",3,1.88,0.8,"0.17","0.43",2021-06-13,18791,18793
"623",2021,"June","Cermaq Canada","Ross Pass",49.32437,-126.04849,"Clayoquot Sound",3,1.52,0.72,"0","0.83",2021-06-20,18798,18800
"624",2021,"June","Cermaq Canada","Saranac Island",49.24803,-125.90671,"Clayoquot Sound",3,2.28,1.28,"0.7","0.05",2021-06-06,18784,18786
"625",2021,"June","Cermaq Canada","Saranac Island",49.24803,-125.90671,"Clayoquot Sound",11,2.84,1.45,"1.42","0.12",2021-06-11,18789,18793
"626",2021,"June","Cermaq Canada","Saranac Island",49.24803,-125.90671,"Clayoquot Sound",11,0.41,0.25,"0.18","0",2021-06-12,18790,18793
"627",2021,"June","Cermaq Canada","Saranac Island",49.24803,-125.90671,"Clayoquot Sound",3,1.55,0.42,"0.7","0.15",2021-06-21,18799,18800
"628",2021,"June","Cermaq Canada","Saranac Island",49.24803,-125.90671,"Clayoquot Sound",3,2.3,0.85,"1.15","0.02",2021-06-27,18805,18807
"629",2021,"July","Cermaq Canada","Bawden",49.30798,-126.00721,"Clayoquot Sound",3,1.98,0.6,"0.2","0.35",2021-07-04,18812,18814
"630",2021,"July","Cermaq Canada","Bawden",49.30798,-126.00721,"Clayoquot Sound",3,6.2,1.72,"7.72","0.7",2021-07-11,18819,18821
"631",2021,"July","Cermaq Canada","Bawden",49.30798,-126.00721,"Clayoquot Sound",7,4.44,2.54,"1.69","2.23",2021-07-14,18822,18828
"632",2021,"July","Cermaq Canada","Bawden",49.30798,-126.00721,"Clayoquot Sound",7,0.61,0.36,"0.09","0.04",2021-07-15,18823,18828
"633",2021,"July","Cermaq Canada","Bawden",49.30798,-126.00721,"Clayoquot Sound",3,2.95,1.47,"1.53","0.47",2021-07-25,18833,18835
"634",2021,"July","Cermaq Canada","Bawden",49.30798,-126.00721,"Clayoquot Sound",7,3.36,2.19,"0.44","1.62",2021-07-30,18838,18842
"635",2021,"July","Cermaq Canada","Bawden",49.30798,-126.00721,"Clayoquot Sound",7,0.55,0.36,"0.53","0.01",2021-07-31,18839,18842
"636",2021,"July","Cermaq Canada","Dixon Bay",49.40478,-126.15072,"Clayoquot Sound",2,4.73,2.58,"1.83","1.58",2021-07-04,18812,18814
"637",2021,"July","Cermaq Canada","Dixon Bay",49.40478,-126.15072,"Clayoquot Sound",10,5.08,2.68,"1.15","1.4",2021-07-08,18816,18821
"638",2021,"July","Cermaq Canada","Dixon Bay",49.40478,-126.15072,"Clayoquot Sound",10,0.89,0.62,"0.03","0.05",2021-07-09,18817,18821
"639",2021,"July","Cermaq Canada","Dixon Bay",49.40478,-126.15072,"Clayoquot Sound",3,2.23,0.98,"1.22","0.85",2021-07-18,18826,18828
"640",2021,"July","Cermaq Canada","Dixon Bay",49.40478,-126.15072,"Clayoquot Sound",10,5.98,2.03,"8.94","0.2",2021-07-23,18831,18835
"641",2021,"July","Cermaq Canada","Dixon Bay",49.40478,-126.15072,"Clayoquot Sound",10,0.55,0.35,"0.2","0.06",2021-07-24,18832,18835
"642",2021,"July","Cermaq Canada","Millar Channel",49.37622,-126.09003,"Clayoquot Sound",2,3.9,2.88,"1.4","1.55",2021-07-06,18814,18814
"643",2021,"July","Cermaq Canada","Millar Channel",49.37622,-126.09003,"Clayoquot Sound",4,7.49,3.66,"2.61","0.51",2021-07-07,18815,18821
"644",2021,"July","Cermaq Canada","Millar Channel",49.37622,-126.09003,"Clayoquot Sound",4,0.58,0.3,"0.58","0.04",2021-07-10,18818,18821
"645",2021,"July","Cermaq Canada","Millar Channel",49.37622,-126.09003,"Clayoquot Sound",2,2.75,1.45,"1.53","0.63",2021-07-19,18827,18828
"646",2021,"July","Cermaq Canada","Millar Channel",49.37622,-126.09003,"Clayoquot Sound",2,4.08,2.4,"1.6","0.8",2021-07-25,18833,18835
"647",2021,"July","Cermaq Canada","Mussel Rock",49.25925,-125.86762,"Clayoquot Sound",2,3.63,1.45,"0.4","0.53",2021-07-04,18812,18814
"648",2021,"July","Cermaq Canada","Mussel Rock",49.25925,-125.86762,"Clayoquot Sound",3,2.22,0.82,"1.43","1.38",2021-07-12,18820,18821
"649",2021,"July","Cermaq Canada","Mussel Rock",49.25925,-125.86762,"Clayoquot Sound",3,1.98,0.63,"2.52","2.58",2021-07-18,18826,18828
"650",2021,"July","Cermaq Canada","Mussel Rock",49.25925,-125.86762,"Clayoquot Sound",3,1.47,0.4,"0","1.2",2021-07-25,18833,18835
"651",2021,"July","Cermaq Canada","Rant Point",49.2567,-125.84153,"Clayoquot Sound",3,0.83,0.55,"0.02","0.12",2021-07-04,18812,18814
"652",2021,"July","Cermaq Canada","Rant Point",49.2567,-125.84153,"Clayoquot Sound",3,1.6,0.98,"4.12","0.12",2021-07-11,18819,18821
"653",2021,"July","Cermaq Canada","Rant Point",49.2567,-125.84153,"Clayoquot Sound",10,1.7,0.93,"5.2","0.41",2021-07-15,18823,18828
"654",2021,"July","Cermaq Canada","Rant Point",49.2567,-125.84153,"Clayoquot Sound",10,0.23,0.17,"3.42","0.05",2021-07-16,18824,18828
"655",2021,"July","Cermaq Canada","Rant Point",49.2567,-125.84153,"Clayoquot Sound",3,0.7,0.38,"3.1","0.6",2021-07-25,18833,18835
"656",2021,"July","Cermaq Canada","Ross Pass",49.32437,-126.04849,"Clayoquot Sound",10,2.78,1.29,"0.07","1.72",2021-07-01,18809,18814
"657",2021,"July","Cermaq Canada","Ross Pass",49.32437,-126.04849,"Clayoquot Sound",10,0.44,0.22,"0.16","0.13",2021-07-03,18811,18814
"658",2021,"July","Cermaq Canada","Ross Pass",49.32437,-126.04849,"Clayoquot Sound",3,2.92,1.33,"4.33","0.62",2021-07-12,18820,18821
"659",2021,"July","Cermaq Canada","Ross Pass",49.32437,-126.04849,"Clayoquot Sound",3,6.65,1.78,"4.97","2.58",2021-07-20,18828,18828
"660",2021,"July","Cermaq Canada","Ross Pass",49.32437,-126.04849,"Clayoquot Sound",10,7.77,3.09,"1.45","1.26",2021-07-22,18830,18835
"661",2021,"July","Cermaq Canada","Ross Pass",49.32437,-126.04849,"Clayoquot Sound",10,0.85,0.42,"0.4","0.13",2021-07-23,18831,18835
"662",2021,"July","Cermaq Canada","Saranac Island",49.24803,-125.90671,"Clayoquot Sound",3,4.1,2.48,"10.07","0.45",2021-07-04,18812,18814
"663",2021,"July","Cermaq Canada","Saranac Island",49.24803,-125.90671,"Clayoquot Sound",3,5.93,3.22,"31.05","0.6",2021-07-26,18834,18835
